date,week,month,year,project,username,atype,vtype,assettype,reviewtype,pkgtype,scene,shot,eftype,state,count,bytes,size,intreviewed,dirreviewed
2022-05-10,2022-05-09,2022-05-01,2022,project10,19ac1730687b0a04485502aeb9074b79,Asset,Master,global,,,,,,,1,551.0,551 bytes,,
2022-05-10,2022-05-09,2022-05-01,2022,project10,19ac1730687b0a04485502aeb9074b79,Asset,Master,global,,,,,,,1,681.0,681 bytes,,
2022-05-10,2022-05-09,2022-05-01,2022,project10,19ac1730687b0a04485502aeb9074b79,Asset,Master,global,,,,,,,1,657.0,657 bytes,,
2022-05-10,2022-05-09,2022-05-01,2022,project10,19ac1730687b0a04485502aeb9074b79,Asset,Master,global,,,,,,,3,1641.0,1641 bytes,,
2022-05-10,2022-05-09,2022-05-01,2022,project10,19ac1730687b0a04485502aeb9074b79,Asset,Master,global,,,,,,,3,2025.0,2025 bytes,,
2022-05-10,2022-05-09,2022-05-01,2022,project10,19ac1730687b0a04485502aeb9074b79,Asset,Master,global,,,,,,,3,1953.0,1953 bytes,,
2022-05-10,2022-05-09,2022-05-01,2022,project10,19ac1730687b0a04485502aeb9074b79,Asset,Master,global,,,,,,,1,549.0,549 bytes,,
2022-05-10,2022-05-09,2022-05-01,2022,project10,19ac1730687b0a04485502aeb9074b79,Asset,Master,global,,,,,,,1,678.0,678 bytes,,
2022-05-10,2022-05-09,2022-05-01,2022,project10,19ac1730687b0a04485502aeb9074b79,Asset,Master,global,,,,,,,1,654.0,654 bytes,,
2022-05-10,2022-05-09,2022-05-01,2022,project10,19ac1730687b0a04485502aeb9074b79,Asset,Master,global,,,,,,,2,1090.0,1090 bytes,,
2022-05-10,2022-05-09,2022-05-01,2022,project10,19ac1730687b0a04485502aeb9074b79,Asset,Master,global,,,,,,,3,2016.0,2016 bytes,,
2022-05-10,2022-05-09,2022-05-01,2022,project10,19ac1730687b0a04485502aeb9074b79,Asset,Master,global,,,,,,,2,1296.0,1296 bytes,,
2022-05-10,2022-05-09,2022-05-01,2022,project10,19ac1730687b0a04485502aeb9074b79,Asset,Master,global,,,,,,,5,553681.0,541 kB,,
2022-05-10,2022-05-09,2022-05-01,2022,project10,19ac1730687b0a04485502aeb9074b79,Asset,Master,global,,,,,,,1,6407.0,6407 bytes,,
2022-05-10,2022-05-09,2022-05-01,2022,project10,19ac1730687b0a04485502aeb9074b79,Asset,Master,global,,,,,,,1,713.0,713 bytes,,
2022-05-10,2022-05-09,2022-05-01,2022,project10,19ac1730687b0a04485502aeb9074b79,Asset,Master,global,,,,,,,1,19004199.0,18 MB,,
2022-05-10,2022-05-09,2022-05-01,2022,project10,19ac1730687b0a04485502aeb9074b79,Asset,Master,global,,,,,,,1,11907.0,12 kB,,
2022-05-10,2022-05-09,2022-05-01,2022,project10,19ac1730687b0a04485502aeb9074b79,Asset,Master,global,,,,,,,1,11907.0,12 kB,,
2022-05-10,2022-05-09,2022-05-01,2022,project10,19ac1730687b0a04485502aeb9074b79,Asset,Master,global,,,,,,,1,11907.0,12 kB,,
2022-05-10,2022-05-09,2022-05-01,2022,project10,19ac1730687b0a04485502aeb9074b79,Asset,Master,global,,,,,,,1,6076.0,6076 bytes,,
2022-05-10,2022-05-09,2022-05-01,2022,project10,19ac1730687b0a04485502aeb9074b79,Asset,Master,global,,,,,,,1,4875.0,4875 bytes,,
2022-05-10,2022-05-09,2022-05-01,2022,project10,19ac1730687b0a04485502aeb9074b79,Asset,Master,global,,,,,,,1,11907.0,12 kB,,
2022-05-10,2022-05-09,2022-05-01,2022,project10,19ac1730687b0a04485502aeb9074b79,Asset,Master,global,,,,,,,3,19143.0,19 kB,,
2022-05-10,2022-05-09,2022-05-01,2022,project10,19ac1730687b0a04485502aeb9074b79,Asset,Master,global,,,,,,,3,2477.0,2477 bytes,,
2022-05-10,2022-05-09,2022-05-01,2022,project10,19ac1730687b0a04485502aeb9074b79,Asset,Master,global,,,,,,,3,689081765.0,657 MB,,
2022-05-10,2022-05-09,2022-05-01,2022,project10,19ac1730687b0a04485502aeb9074b79,Asset,Master,global,,,,,,,3,604787.0,591 kB,,
2022-05-10,2022-05-09,2022-05-01,2022,project10,19ac1730687b0a04485502aeb9074b79,Asset,Master,global,,,,,,,3,604787.0,591 kB,,
2022-05-10,2022-05-09,2022-05-01,2022,project10,19ac1730687b0a04485502aeb9074b79,Asset,Master,global,,,,,,,3,604787.0,591 kB,,
2022-05-10,2022-05-09,2022-05-01,2022,project10,19ac1730687b0a04485502aeb9074b79,Asset,Master,global,,,,,,,3,54080.0,53 kB,,
2022-05-10,2022-05-09,2022-05-01,2022,project10,19ac1730687b0a04485502aeb9074b79,Asset,Master,global,,,,,,,3,201989.0,197 kB,,
2022-05-10,2022-05-09,2022-05-01,2022,project10,19ac1730687b0a04485502aeb9074b79,Asset,Master,global,,,,,,,3,604787.0,591 kB,,
2022-05-10,2022-05-09,2022-05-01,2022,project10,19ac1730687b0a04485502aeb9074b79,Asset,Master,global,,,,,,,1,6314.0,6314 bytes,,
2022-05-10,2022-05-09,2022-05-01,2022,project10,19ac1730687b0a04485502aeb9074b79,Asset,Master,global,,,,,,,1,710.0,710 bytes,,
2022-05-10,2022-05-09,2022-05-01,2022,project10,19ac1730687b0a04485502aeb9074b79,Asset,Master,global,,,,,,,1,37868734.0,36 MB,,
2022-05-10,2022-05-09,2022-05-01,2022,project10,19ac1730687b0a04485502aeb9074b79,Asset,Master,global,,,,,,,1,36888.0,36 kB,,
2022-05-10,2022-05-09,2022-05-01,2022,project10,19ac1730687b0a04485502aeb9074b79,Asset,Master,global,,,,,,,1,36888.0,36 kB,,
2022-05-10,2022-05-09,2022-05-01,2022,project10,19ac1730687b0a04485502aeb9074b79,Asset,Master,global,,,,,,,1,36888.0,36 kB,,
2022-05-10,2022-05-09,2022-05-01,2022,project10,19ac1730687b0a04485502aeb9074b79,Asset,Master,global,,,,,,,1,13090.0,13 kB,,
2022-05-10,2022-05-09,2022-05-01,2022,project10,19ac1730687b0a04485502aeb9074b79,Asset,Master,global,,,,,,,1,9903.0,9903 bytes,,
2022-05-10,2022-05-09,2022-05-01,2022,project10,19ac1730687b0a04485502aeb9074b79,Asset,Master,global,,,,,,,1,36888.0,36 kB,,
2022-05-10,2022-05-09,2022-05-01,2022,project10,19ac1730687b0a04485502aeb9074b79,Asset,Master,global,,,,,,,3,19012.0,19 kB,,
2022-05-10,2022-05-09,2022-05-01,2022,project10,19ac1730687b0a04485502aeb9074b79,Asset,Master,global,,,,,,,3,4304.0,4304 bytes,,
2022-05-10,2022-05-09,2022-05-01,2022,project10,19ac1730687b0a04485502aeb9074b79,Asset,Master,global,,,,,,,3,2585526227.0,2466 MB,,
2022-05-10,2022-05-09,2022-05-01,2022,project10,19ac1730687b0a04485502aeb9074b79,Asset,Master,global,,,,,,,3,27071150.0,26 MB,,
2022-05-10,2022-05-09,2022-05-01,2022,project10,19ac1730687b0a04485502aeb9074b79,Asset,Master,global,,,,,,,3,27071150.0,26 MB,,
2022-05-10,2022-05-09,2022-05-01,2022,project10,19ac1730687b0a04485502aeb9074b79,Asset,Master,global,,,,,,,3,27071150.0,26 MB,,
2022-05-10,2022-05-09,2022-05-01,2022,project10,19ac1730687b0a04485502aeb9074b79,Asset,Master,global,,,,,,,3,1073911.0,1049 kB,,
2022-05-10,2022-05-09,2022-05-01,2022,project10,19ac1730687b0a04485502aeb9074b79,Asset,Master,global,,,,,,,3,8809924.0,8603 kB,,
2022-05-10,2022-05-09,2022-05-01,2022,project10,19ac1730687b0a04485502aeb9074b79,Asset,Master,global,,,,,,,3,27071150.0,26 MB,,
2022-05-10,2022-05-09,2022-05-01,2022,project10,19ac1730687b0a04485502aeb9074b79,Asset,Master,shot,modelling,,zmt010,zmt010_mk_theater_ceiling01,,,1,124952432.0,119 MB,,
2022-05-10,2022-05-09,2022-05-01,2022,project10,19ac1730687b0a04485502aeb9074b79,Asset,Master,shot,modelling,,zmt010,zmt010_mk_theater_floor01,,,3,513452057.0,490 MB,,
2022-05-10,2022-05-09,2022-05-01,2022,project10,19ac1730687b0a04485502aeb9074b79,Asset,Master,shot,modelling,,zmt010,zmt010_mk_theater_screen01,,,1,237820936.0,227 MB,,
2022-05-10,2022-05-09,2022-05-01,2022,project10,19ac1730687b0a04485502aeb9074b79,Asset,Master,shot,modelling,,zmt010,zmt010_mk_theater_wall01,,,3,649408224.0,619 MB,,
2022-05-10,2022-05-09,2022-05-01,2022,project10,4119518f7b3e93a32c4bcb008985e71c,Asset,Master,global,,,,,,,1,32446719.0,31 MB,,
2022-05-10,2022-05-09,2022-05-01,2022,project10,4119518f7b3e93a32c4bcb008985e71c,Asset,Master,shot,anim,,mk020,mk020_020,,,1,670429418.0,639 MB,yes,
2022-05-10,2022-05-09,2022-05-01,2022,project10,4119518f7b3e93a32c4bcb008985e71c,Asset,Master,shot,animbase,,mk020,mk020_020,,,1,670831800.0,640 MB,,
2022-05-10,2022-05-09,2022-05-01,2022,project10,4119518f7b3e93a32c4bcb008985e71c,Asset,Master,shot,animcapture,,mk020,mk020_010,,,1,30550804.0,29 MB,,
2022-05-10,2022-05-09,2022-05-01,2022,project10,4119518f7b3e93a32c4bcb008985e71c,Asset,Master,shot,animcapture,,mk020,mk020_020,,,1,29689797.0,28 MB,,
2022-05-10,2022-05-09,2022-05-01,2022,project10,4119518f7b3e93a32c4bcb008985e71c,Asset,Master,shot,animqc,,mk020,mk020_020,,,1,223646031.0,213 MB,,
2022-05-10,2022-05-09,2022-05-01,2022,project10,4119518f7b3e93a32c4bcb008985e71c,Asset,Master,shot,,,mk020,mk020_010,,,1,272410.0,266 kB,,
2022-05-10,2022-05-09,2022-05-01,2022,project10,4119518f7b3e93a32c4bcb008985e71c,Asset,Master,shot,,,mk020,mk020_010,,,1,230371412.0,220 MB,,
2022-05-10,2022-05-09,2022-05-01,2022,project10,4119518f7b3e93a32c4bcb008985e71c,Asset,Master,shot,,,mk020,mk020_010,,,1,230371437.0,220 MB,,
2022-05-10,2022-05-09,2022-05-01,2022,project10,4119518f7b3e93a32c4bcb008985e71c,Asset,Master,shot,,,mk020,mk020_010,,,1,175104853.0,167 MB,,
2022-05-10,2022-05-09,2022-05-01,2022,project10,4119518f7b3e93a32c4bcb008985e71c,Asset,Master,shot,,,mk020,mk020_010,,,1,175104854.0,167 MB,,
2022-05-10,2022-05-09,2022-05-01,2022,project10,4119518f7b3e93a32c4bcb008985e71c,Asset,Master,shot,,,mk020,mk020_010,,,1,19102518.0,18 MB,,
2022-05-10,2022-05-09,2022-05-01,2022,project10,4119518f7b3e93a32c4bcb008985e71c,Asset,Master,shot,,,mk020,mk020_010,,,1,17852923.0,17 MB,,
2022-05-10,2022-05-09,2022-05-01,2022,project10,4119518f7b3e93a32c4bcb008985e71c,Asset,Master,shot,,,mk020,mk020_020,,,1,898.0,898 bytes,,
2022-05-10,2022-05-09,2022-05-01,2022,project10,4119518f7b3e93a32c4bcb008985e71c,Asset,Master,shot,,,mk020,mk020_020,,,1,5019.0,5019 bytes,,
2022-05-10,2022-05-09,2022-05-01,2022,project10,4119518f7b3e93a32c4bcb008985e71c,Asset,Master,shot,,,mk020,mk020_020,,,1,1934.0,1934 bytes,,
2022-05-10,2022-05-09,2022-05-01,2022,project10,4119518f7b3e93a32c4bcb008985e71c,Asset,Master,shot,,,mk020,mk020_020,,,1,393.0,393 bytes,,
2022-05-10,2022-05-09,2022-05-01,2022,project10,4119518f7b3e93a32c4bcb008985e71c,Asset,Master,shot,,,mk020,mk020_020,,,1,403.0,403 bytes,,
2022-05-10,2022-05-09,2022-05-01,2022,project10,4119518f7b3e93a32c4bcb008985e71c,Asset,Master,shot,,,mk020,mk020_020,,,1,1630.0,1630 bytes,,
2022-05-10,2022-05-09,2022-05-01,2022,project10,4119518f7b3e93a32c4bcb008985e71c,Asset,Master,shot,,,mk020,mk020_020,,,1,368.0,368 bytes,,
2022-05-10,2022-05-09,2022-05-01,2022,project10,4119518f7b3e93a32c4bcb008985e71c,Asset,Master,shot,,,mk020,mk020_020,,,1,363.0,363 bytes,,
2022-05-10,2022-05-09,2022-05-01,2022,project10,4119518f7b3e93a32c4bcb008985e71c,Asset,Master,shot,,,mk020,mk020_020,,,1,476.0,476 bytes,,
2022-05-10,2022-05-09,2022-05-01,2022,project10,4119518f7b3e93a32c4bcb008985e71c,Asset,Master,shot,,,mk020,mk020_020,,,1,272225.0,266 kB,,
2022-05-10,2022-05-09,2022-05-01,2022,project10,4119518f7b3e93a32c4bcb008985e71c,Asset,Master,shot,,,mk020,mk020_020,,,1,389.0,389 bytes,,
2022-05-10,2022-05-09,2022-05-01,2022,project10,4119518f7b3e93a32c4bcb008985e71c,Asset,Master,shot,,,mk020,mk020_020,,,1,137239125.0,131 MB,,
2022-05-10,2022-05-09,2022-05-01,2022,project10,4119518f7b3e93a32c4bcb008985e71c,Asset,Master,shot,,,mk020,mk020_020,,,1,397.0,397 bytes,,
2022-05-10,2022-05-09,2022-05-01,2022,project10,4119518f7b3e93a32c4bcb008985e71c,Asset,Master,shot,,,mk020,mk020_020,,,1,2449817.0,2392 kB,,
2022-05-10,2022-05-09,2022-05-01,2022,project10,4119518f7b3e93a32c4bcb008985e71c,Asset,Master,shot,,,mk020,mk020_020,,,1,395.0,395 bytes,,
2022-05-10,2022-05-09,2022-05-01,2022,project10,4119518f7b3e93a32c4bcb008985e71c,Asset,Master,shot,,,mk020,mk020_020,,,1,45169128.0,43 MB,,
2022-05-10,2022-05-09,2022-05-01,2022,project10,4119518f7b3e93a32c4bcb008985e71c,Asset,Master,shot,,,mk020,mk020_020,,,1,4545680.0,4439 kB,,
2022-05-10,2022-05-09,2022-05-01,2022,project10,4119518f7b3e93a32c4bcb008985e71c,Asset,Master,shot,,,mk020,mk020_020,,,1,421222.0,411 kB,,
2022-05-10,2022-05-09,2022-05-01,2022,project10,4119518f7b3e93a32c4bcb008985e71c,Asset,Master,shot,,,mk020,mk020_020,,,1,850.0,850 bytes,,
2022-05-10,2022-05-09,2022-05-01,2022,project10,4119518f7b3e93a32c4bcb008985e71c,Asset,Master,shot,,,mk020,mk020_020,,,1,224427839.0,214 MB,,
2022-05-10,2022-05-09,2022-05-01,2022,project10,4119518f7b3e93a32c4bcb008985e71c,Asset,Master,shot,,,mk020,mk020_020,,,1,224427864.0,214 MB,,
2022-05-10,2022-05-09,2022-05-01,2022,project10,4119518f7b3e93a32c4bcb008985e71c,Asset,Master,shot,,,mk020,mk020_020,,,1,858.0,858 bytes,,
2022-05-10,2022-05-09,2022-05-01,2022,project10,4119518f7b3e93a32c4bcb008985e71c,Asset,Master,shot,,,mk020,mk020_020,,,1,222200316.0,212 MB,,
2022-05-10,2022-05-09,2022-05-01,2022,project10,4119518f7b3e93a32c4bcb008985e71c,Asset,Master,shot,,,mk020,mk020_020,,,1,222200317.0,212 MB,,
2022-05-10,2022-05-09,2022-05-01,2022,project10,4119518f7b3e93a32c4bcb008985e71c,Asset,Master,shot,,,mk020,mk020_020,,,1,860.0,860 bytes,,
2022-05-10,2022-05-09,2022-05-01,2022,project10,4119518f7b3e93a32c4bcb008985e71c,Asset,Master,shot,,,mk020,mk020_020,,,1,19124717.0,18 MB,,
2022-05-10,2022-05-09,2022-05-01,2022,project10,4119518f7b3e93a32c4bcb008985e71c,Asset,Master,shot,,,mk020,mk020_020,,,1,860.0,860 bytes,,
2022-05-10,2022-05-09,2022-05-01,2022,project10,4119518f7b3e93a32c4bcb008985e71c,Asset,Master,shot,,,mk020,mk020_020,,,1,15369797.0,15 MB,,
2022-05-10,2022-05-09,2022-05-01,2022,project10,4119518f7b3e93a32c4bcb008985e71c,Asset,Master,shot,,,mk020,mk020_020,,,1,12190832.0,12 MB,,
2022-05-10,2022-05-09,2022-05-01,2022,project10,9bf5c942184e79c0825b82b68cbde24a,Asset,Master,global,,,,,,,1,44423568.0,42 MB,,
2022-05-10,2022-05-09,2022-05-01,2022,project10,9bf5c942184e79c0825b82b68cbde24a,Asset,Master,global,,,,,,,1,32664033.0,31 MB,,
2022-05-10,2022-05-09,2022-05-01,2022,project10,9bf5c942184e79c0825b82b68cbde24a,Asset,Master,shot,anim,,mk020,mk020_010,,,1,703279464.0,671 MB,yes,
2022-05-10,2022-05-09,2022-05-01,2022,project10,9bf5c942184e79c0825b82b68cbde24a,Asset,Master,shot,anim,,mk020,mk020_020,,,2,1344642449.0,1282 MB,,
2022-05-10,2022-05-09,2022-05-01,2022,project10,9bf5c942184e79c0825b82b68cbde24a,Asset,Master,shot,animbase,,mk020,mk020_010,,,1,703660130.0,671 MB,,
2022-05-10,2022-05-09,2022-05-01,2022,project10,9bf5c942184e79c0825b82b68cbde24a,Asset,Master,shot,animbase,,mk020,mk020_020,,,1,671498839.0,640 MB,,
2022-05-10,2022-05-09,2022-05-01,2022,project10,9bf5c942184e79c0825b82b68cbde24a,Asset,Master,shot,animqc,,mk020,mk020_010,,,1,137157649.0,131 MB,,
2022-05-10,2022-05-09,2022-05-01,2022,project10,9bf5c942184e79c0825b82b68cbde24a,Asset,Master,shot,animqc,,mk020,mk020_020,,,1,223719912.0,213 MB,,
2022-05-10,2022-05-09,2022-05-01,2022,project10,9bf5c942184e79c0825b82b68cbde24a,Asset,Master,shot,,,mk020,mk020_010,,,1,898.0,898 bytes,,
2022-05-10,2022-05-09,2022-05-01,2022,project10,9bf5c942184e79c0825b82b68cbde24a,Asset,Master,shot,,,mk020,mk020_010,,,1,5019.0,5019 bytes,,
2022-05-10,2022-05-09,2022-05-01,2022,project10,9bf5c942184e79c0825b82b68cbde24a,Asset,Master,shot,,,mk020,mk020_010,,,2,1345.0,1345 bytes,,
2022-05-10,2022-05-09,2022-05-01,2022,project10,9bf5c942184e79c0825b82b68cbde24a,Asset,Master,shot,,,mk020,mk020_010,,,1,1934.0,1934 bytes,,
2022-05-10,2022-05-09,2022-05-01,2022,project10,9bf5c942184e79c0825b82b68cbde24a,Asset,Master,shot,,,mk020,mk020_010,,,1,1238.0,1238 bytes,,
2022-05-10,2022-05-09,2022-05-01,2022,project10,9bf5c942184e79c0825b82b68cbde24a,Asset,Master,shot,,,mk020,mk020_010,,,2,754.0,754 bytes,,
2022-05-10,2022-05-09,2022-05-01,2022,project10,9bf5c942184e79c0825b82b68cbde24a,Asset,Master,shot,,,mk020,mk020_010,,,1,403.0,403 bytes,,
2022-05-10,2022-05-09,2022-05-01,2022,project10,9bf5c942184e79c0825b82b68cbde24a,Asset,Master,shot,,,mk020,mk020_010,,,1,1630.0,1630 bytes,,
2022-05-10,2022-05-09,2022-05-01,2022,project10,9bf5c942184e79c0825b82b68cbde24a,Asset,Master,shot,,,mk020,mk020_010,,,1,368.0,368 bytes,,
2022-05-10,2022-05-09,2022-05-01,2022,project10,9bf5c942184e79c0825b82b68cbde24a,Asset,Master,shot,,,mk020,mk020_010,,,1,363.0,363 bytes,,
2022-05-10,2022-05-09,2022-05-01,2022,project10,9bf5c942184e79c0825b82b68cbde24a,Asset,Master,shot,,,mk020,mk020_010,,,1,475.0,475 bytes,,
2022-05-10,2022-05-09,2022-05-01,2022,project10,9bf5c942184e79c0825b82b68cbde24a,Asset,Master,shot,,,mk020,mk020_010,,,1,379.0,379 bytes,,
2022-05-10,2022-05-09,2022-05-01,2022,project10,9bf5c942184e79c0825b82b68cbde24a,Asset,Master,shot,,,mk020,mk020_010,,,1,389.0,389 bytes,,
2022-05-10,2022-05-09,2022-05-01,2022,project10,9bf5c942184e79c0825b82b68cbde24a,Asset,Master,shot,,,mk020,mk020_010,,,1,143317004.0,137 MB,,
2022-05-10,2022-05-09,2022-05-01,2022,project10,9bf5c942184e79c0825b82b68cbde24a,Asset,Master,shot,,,mk020,mk020_010,,,1,387.0,387 bytes,,
2022-05-10,2022-05-09,2022-05-01,2022,project10,9bf5c942184e79c0825b82b68cbde24a,Asset,Master,shot,,,mk020,mk020_010,,,1,397.0,397 bytes,,
2022-05-10,2022-05-09,2022-05-01,2022,project10,9bf5c942184e79c0825b82b68cbde24a,Asset,Master,shot,,,mk020,mk020_010,,,1,2559237.0,2499 kB,,
2022-05-10,2022-05-09,2022-05-01,2022,project10,9bf5c942184e79c0825b82b68cbde24a,Asset,Master,shot,,,mk020,mk020_010,,,1,385.0,385 bytes,,
2022-05-10,2022-05-09,2022-05-01,2022,project10,9bf5c942184e79c0825b82b68cbde24a,Asset,Master,shot,,,mk020,mk020_010,,,1,395.0,395 bytes,,
2022-05-10,2022-05-09,2022-05-01,2022,project10,9bf5c942184e79c0825b82b68cbde24a,Asset,Master,shot,,,mk020,mk020_010,,,1,47154623.0,45 MB,,
2022-05-10,2022-05-09,2022-05-01,2022,project10,9bf5c942184e79c0825b82b68cbde24a,Asset,Master,shot,,,mk020,mk020_010,,,1,4564584.0,4458 kB,,
2022-05-10,2022-05-09,2022-05-01,2022,project10,9bf5c942184e79c0825b82b68cbde24a,Asset,Master,shot,,,mk020,mk020_010,,,1,421344.0,411 kB,,
2022-05-10,2022-05-09,2022-05-01,2022,project10,9bf5c942184e79c0825b82b68cbde24a,Asset,Master,shot,,,mk020,mk020_010,,,1,852.0,852 bytes,,
2022-05-10,2022-05-09,2022-05-01,2022,project10,9bf5c942184e79c0825b82b68cbde24a,Asset,Master,shot,,,mk020,mk020_010,,,1,856.0,856 bytes,,
2022-05-10,2022-05-09,2022-05-01,2022,project10,9bf5c942184e79c0825b82b68cbde24a,Asset,Master,shot,,,mk020,mk020_010,,,1,861.0,861 bytes,,
2022-05-10,2022-05-09,2022-05-01,2022,project10,9bf5c942184e79c0825b82b68cbde24a,Asset,Master,shot,,,mk020,mk020_010,,,1,860.0,860 bytes,,
2022-05-10,2022-05-09,2022-05-01,2022,project10,9bf5c942184e79c0825b82b68cbde24a,Asset,Master,shot,,,mk020,mk020_010,,,1,454.0,454 bytes,,
2022-05-10,2022-05-09,2022-05-01,2022,project10,9bf5c942184e79c0825b82b68cbde24a,Asset,Master,shot,,,mk020,mk020_010,,,1,12191613.0,12 MB,,
2022-05-10,2022-05-09,2022-05-01,2022,project10,9bf5c942184e79c0825b82b68cbde24a,Asset,Master,shot,,,mk020,mk020_020,,,1,898.0,898 bytes,,
2022-05-10,2022-05-09,2022-05-01,2022,project10,9bf5c942184e79c0825b82b68cbde24a,Asset,Master,shot,,,mk020,mk020_020,,,1,4835.0,4835 bytes,,
2022-05-10,2022-05-09,2022-05-01,2022,project10,9bf5c942184e79c0825b82b68cbde24a,Asset,Master,shot,,,mk020,mk020_020,,,2,1345.0,1345 bytes,,
2022-05-10,2022-05-09,2022-05-01,2022,project10,9bf5c942184e79c0825b82b68cbde24a,Asset,Master,shot,,,mk020,mk020_020,,,1,1934.0,1934 bytes,,
2022-05-10,2022-05-09,2022-05-01,2022,project10,9bf5c942184e79c0825b82b68cbde24a,Asset,Master,shot,,,mk020,mk020_020,,,1,1238.0,1238 bytes,,
2022-05-10,2022-05-09,2022-05-01,2022,project10,9bf5c942184e79c0825b82b68cbde24a,Asset,Master,shot,,,mk020,mk020_020,,,2,754.0,754 bytes,,
2022-05-10,2022-05-09,2022-05-01,2022,project10,9bf5c942184e79c0825b82b68cbde24a,Asset,Master,shot,,,mk020,mk020_020,,,1,403.0,403 bytes,,
2022-05-10,2022-05-09,2022-05-01,2022,project10,9bf5c942184e79c0825b82b68cbde24a,Asset,Master,shot,,,mk020,mk020_020,,,1,1630.0,1630 bytes,,
2022-05-10,2022-05-09,2022-05-01,2022,project10,9bf5c942184e79c0825b82b68cbde24a,Asset,Master,shot,,,mk020,mk020_020,,,1,368.0,368 bytes,,
2022-05-10,2022-05-09,2022-05-01,2022,project10,9bf5c942184e79c0825b82b68cbde24a,Asset,Master,shot,,,mk020,mk020_020,,,1,363.0,363 bytes,,
2022-05-10,2022-05-09,2022-05-01,2022,project10,9bf5c942184e79c0825b82b68cbde24a,Asset,Master,shot,,,mk020,mk020_020,,,1,379.0,379 bytes,,
2022-05-10,2022-05-09,2022-05-01,2022,project10,9bf5c942184e79c0825b82b68cbde24a,Asset,Master,shot,,,mk020,mk020_020,,,1,389.0,389 bytes,,
2022-05-10,2022-05-09,2022-05-01,2022,project10,9bf5c942184e79c0825b82b68cbde24a,Asset,Master,shot,,,mk020,mk020_020,,,1,137239125.0,131 MB,,
2022-05-10,2022-05-09,2022-05-01,2022,project10,9bf5c942184e79c0825b82b68cbde24a,Asset,Master,shot,,,mk020,mk020_020,,,1,387.0,387 bytes,,
2022-05-10,2022-05-09,2022-05-01,2022,project10,9bf5c942184e79c0825b82b68cbde24a,Asset,Master,shot,,,mk020,mk020_020,,,1,397.0,397 bytes,,
2022-05-10,2022-05-09,2022-05-01,2022,project10,9bf5c942184e79c0825b82b68cbde24a,Asset,Master,shot,,,mk020,mk020_020,,,1,2449817.0,2392 kB,,
2022-05-10,2022-05-09,2022-05-01,2022,project10,9bf5c942184e79c0825b82b68cbde24a,Asset,Master,shot,,,mk020,mk020_020,,,1,385.0,385 bytes,,
2022-05-10,2022-05-09,2022-05-01,2022,project10,9bf5c942184e79c0825b82b68cbde24a,Asset,Master,shot,,,mk020,mk020_020,,,1,395.0,395 bytes,,
2022-05-10,2022-05-09,2022-05-01,2022,project10,9bf5c942184e79c0825b82b68cbde24a,Asset,Master,shot,,,mk020,mk020_020,,,1,45169128.0,43 MB,,
2022-05-10,2022-05-09,2022-05-01,2022,project10,9bf5c942184e79c0825b82b68cbde24a,Asset,Master,shot,,,mk020,mk020_020,,,1,4564557.0,4458 kB,,
2022-05-10,2022-05-09,2022-05-01,2022,project10,9bf5c942184e79c0825b82b68cbde24a,Asset,Master,shot,,,mk020,mk020_020,,,1,421298.0,411 kB,,
2022-05-10,2022-05-09,2022-05-01,2022,project10,9bf5c942184e79c0825b82b68cbde24a,Asset,Master,shot,,,mk020,mk020_020,,,1,856.0,856 bytes,,
2022-05-10,2022-05-09,2022-05-01,2022,project10,9bf5c942184e79c0825b82b68cbde24a,Asset,Master,shot,,,mk020,mk020_020,,,1,222129981.0,212 MB,,
2022-05-10,2022-05-09,2022-05-01,2022,project10,9bf5c942184e79c0825b82b68cbde24a,Asset,Master,shot,,,mk020,mk020_020,,,1,222129982.0,212 MB,,
2022-05-10,2022-05-09,2022-05-01,2022,project10,9bf5c942184e79c0825b82b68cbde24a,Asset,Master,shot,,,mk020,mk020_020,,,1,454.0,454 bytes,,
2022-05-10,2022-05-09,2022-05-01,2022,project10,9bf5c942184e79c0825b82b68cbde24a,Asset,Master,shot,,,mk020,mk020_020,,,1,12191607.0,12 MB,,
2022-05-10,2022-05-09,2022-05-01,2022,project10,53fd07534d18b18d3320ffe68f0b09f5,Asset,Master,shot,charfx,,mk019,mk019_160,,,1,4099966788.0,3910 MB,,
2022-05-10,2022-05-09,2022-05-01,2022,project10,53fd07534d18b18d3320ffe68f0b09f5,Asset,Master,shot,,,mk019,mk019_160,,,1,844.0,844 bytes,,
2022-05-10,2022-05-09,2022-05-01,2022,project10,53fd07534d18b18d3320ffe68f0b09f5,Asset,Master,shot,,,mk019,mk019_160,,,1,387.0,387 bytes,,
2022-05-10,2022-05-09,2022-05-01,2022,project10,53fd07534d18b18d3320ffe68f0b09f5,Asset,Master,shot,,,mk019,mk019_160,,,1,142019667.0,135 MB,,
2022-05-10,2022-05-09,2022-05-01,2022,project10,53fd07534d18b18d3320ffe68f0b09f5,Asset,Master,shot,,,mk019,mk019_160,,,6,19637933.0,19 MB,,
2022-05-10,2022-05-09,2022-05-01,2022,project10,53fd07534d18b18d3320ffe68f0b09f5,Asset,Master,shot,,,mk019,mk019_160,,,6,54936497.0,52 MB,,
2022-05-10,2022-05-09,2022-05-01,2022,project10,4fdab94a61a515f400d382683df88e5c,Asset,Master,shot,layoutfinal,,mk019,mk019_090,,,1,1863826568.0,1777 MB,yes,yes
2022-05-10,2022-05-09,2022-05-01,2022,project10,4fdab94a61a515f400d382683df88e5c,Asset,Master,shot,,,mk019,mk019_090,,,1,7031.0,7031 bytes,,
2022-05-10,2022-05-09,2022-05-01,2022,project10,4fdab94a61a515f400d382683df88e5c,Asset,Master,shot,,,mk019,mk019_090,,,1,347.0,347 bytes,,
2022-05-10,2022-05-09,2022-05-01,2022,project10,4fdab94a61a515f400d382683df88e5c,Asset,Master,shot,,,mk019,mk019_090,,,1,12174.0,12 kB,,
2022-05-10,2022-05-09,2022-05-01,2022,project10,f545347d35e20b38528f5f31ca60ae61,Asset,Master,global,,,,,,,2,207240853.0,198 MB,,
2022-05-10,2022-05-09,2022-05-01,2022,project10,f545347d35e20b38528f5f31ca60ae61,Asset,Master,shot,anim,,mk020,mk020_060,,,2,3238641138.0,3089 MB,,
2022-05-10,2022-05-09,2022-05-01,2022,project10,f545347d35e20b38528f5f31ca60ae61,Asset,Master,shot,animbase,,mk020,mk020_060,,,2,3238639754.0,3089 MB,,
2022-05-10,2022-05-09,2022-05-01,2022,project10,f545347d35e20b38528f5f31ca60ae61,Asset,Master,shot,animqc,,mk020,mk020_060,,,2,698029111.0,666 MB,,
2022-05-10,2022-05-09,2022-05-01,2022,project10,f545347d35e20b38528f5f31ca60ae61,Asset,Master,shot,,,mk020,mk020_060,,,2,1802.0,1802 bytes,,
2022-05-10,2022-05-09,2022-05-01,2022,project10,f545347d35e20b38528f5f31ca60ae61,Asset,Master,shot,,,mk020,mk020_060,,,2,23379.0,23 kB,,
2022-05-10,2022-05-09,2022-05-01,2022,project10,f545347d35e20b38528f5f31ca60ae61,Asset,Master,shot,,,mk020,mk020_060,,,2,618.0,618 bytes,,
2022-05-10,2022-05-09,2022-05-01,2022,project10,f545347d35e20b38528f5f31ca60ae61,Asset,Master,shot,,,mk020,mk020_060,,,2,786.0,786 bytes,,
2022-05-10,2022-05-09,2022-05-01,2022,project10,f545347d35e20b38528f5f31ca60ae61,Asset,Master,shot,,,mk020,mk020_060,,,2,808.0,808 bytes,,
2022-05-10,2022-05-09,2022-05-01,2022,project10,f545347d35e20b38528f5f31ca60ae61,Asset,Master,shot,,,mk020,mk020_060,,,2,7090.0,7090 bytes,,
2022-05-10,2022-05-09,2022-05-01,2022,project10,f545347d35e20b38528f5f31ca60ae61,Asset,Master,shot,,,mk020,mk020_060,,,2,736.0,736 bytes,,
2022-05-10,2022-05-09,2022-05-01,2022,project10,f545347d35e20b38528f5f31ca60ae61,Asset,Master,shot,,,mk020,mk020_060,,,2,726.0,726 bytes,,
2022-05-10,2022-05-09,2022-05-01,2022,project10,f545347d35e20b38528f5f31ca60ae61,Asset,Master,shot,,,mk020,mk020_060,,,1,852.0,852 bytes,,
2022-05-10,2022-05-09,2022-05-01,2022,project10,f545347d35e20b38528f5f31ca60ae61,Asset,Master,shot,,,mk020,mk020_060,,,5,1802377719.0,1719 MB,,
2022-05-10,2022-05-09,2022-05-01,2022,project10,f545347d35e20b38528f5f31ca60ae61,Asset,Master,shot,,,mk020,mk020_060,,,5,1802377844.0,1719 MB,,
2022-05-10,2022-05-09,2022-05-01,2022,project10,f545347d35e20b38528f5f31ca60ae61,Asset,Master,shot,,,mk020,mk020_060,,,2,1716.0,1716 bytes,,
2022-05-10,2022-05-09,2022-05-01,2022,project10,f545347d35e20b38528f5f31ca60ae61,Asset,Master,shot,,,mk020,mk020_060,,,4,1230727096.0,1174 MB,,
2022-05-10,2022-05-09,2022-05-01,2022,project10,f545347d35e20b38528f5f31ca60ae61,Asset,Master,shot,,,mk020,mk020_060,,,4,1230727100.0,1174 MB,,
2022-05-10,2022-05-09,2022-05-01,2022,project10,f545347d35e20b38528f5f31ca60ae61,Asset,Master,shot,,,mk020,mk020_060,,,1,635.0,635 bytes,,
2022-05-10,2022-05-09,2022-05-01,2022,project10,f545347d35e20b38528f5f31ca60ae61,Asset,Master,shot,,,mk020,mk020_060,,,5,2307270.0,2253 kB,,
2022-05-10,2022-05-09,2022-05-01,2022,project10,f545347d35e20b38528f5f31ca60ae61,Asset,Master,shot,,,mk020,mk020_060,,,1,861.0,861 bytes,,
2022-05-10,2022-05-09,2022-05-01,2022,project10,f545347d35e20b38528f5f31ca60ae61,Asset,Master,shot,,,mk020,mk020_060,,,5,107202583.0,102 MB,,
2022-05-10,2022-05-09,2022-05-01,2022,project10,f545347d35e20b38528f5f31ca60ae61,Asset,Master,shot,,,mk020,mk020_060,,,2,1722.0,1722 bytes,,
2022-05-10,2022-05-09,2022-05-01,2022,project10,f545347d35e20b38528f5f31ca60ae61,Asset,Master,shot,,,mk020,mk020_060,,,4,73714238.0,70 MB,,
2022-05-10,2022-05-09,2022-05-01,2022,project10,f545347d35e20b38528f5f31ca60ae61,Asset,Master,shot,,,mk020,mk020_060,,,1,863.0,863 bytes,,
2022-05-10,2022-05-09,2022-05-01,2022,project10,f545347d35e20b38528f5f31ca60ae61,Asset,Master,shot,,,mk020,mk020_060,,,5,105900.0,103 kB,,
2022-05-10,2022-05-09,2022-05-01,2022,project10,b0b8fb43f023561959333220b41bd7e8,Asset,Master,shot,crowd,,mk020,mk020_050,,,3,1277166906.0,1218 MB,,
2022-05-10,2022-05-09,2022-05-01,2022,project10,b0b8fb43f023561959333220b41bd7e8,Asset,Master,shot,,,mk020,mk020_050,,,1,1452.0,1452 bytes,,
2022-05-10,2022-05-09,2022-05-01,2022,project10,b0b8fb43f023561959333220b41bd7e8,Asset,Master,shot,,,mk020,mk020_050,,,1,385.0,385 bytes,,
2022-05-10,2022-05-09,2022-05-01,2022,project10,b0b8fb43f023561959333220b41bd7e8,Asset,Master,shot,,,mk020,mk020_050,,,1,882.0,882 bytes,,
2022-05-10,2022-05-09,2022-05-01,2022,project10,b0b8fb43f023561959333220b41bd7e8,Asset,Master,shot,,,mk020,mk020_050,,,1,782.0,782 bytes,,
2022-05-10,2022-05-09,2022-05-01,2022,project10,b0b8fb43f023561959333220b41bd7e8,Asset,Master,shot,,,mk020,mk020_050,,,1,531.0,531 bytes,,
2022-05-10,2022-05-09,2022-05-01,2022,project10,b0b8fb43f023561959333220b41bd7e8,Asset,Master,shot,,,mk020,mk020_050,,,1,361.0,361 bytes,,
2022-05-10,2022-05-09,2022-05-01,2022,project10,b0b8fb43f023561959333220b41bd7e8,Asset,Master,shot,,,mk020,mk020_050,,,1,371.0,371 bytes,,
2022-05-10,2022-05-09,2022-05-01,2022,project10,b0b8fb43f023561959333220b41bd7e8,Asset,Master,shot,,,mk020,mk020_050,,,1,373.0,373 bytes,,
2022-05-10,2022-05-09,2022-05-01,2022,project10,b0b8fb43f023561959333220b41bd7e8,Asset,Master,shot,,,mk020,mk020_050,,,1,57.0,57 bytes,,
2022-05-10,2022-05-09,2022-05-01,2022,project10,b0b8fb43f023561959333220b41bd7e8,Asset,Master,shot,,,mk020,mk020_050,,,5,1980.0,1980 bytes,,
2022-05-10,2022-05-09,2022-05-01,2022,project10,b0b8fb43f023561959333220b41bd7e8,Asset,Master,shot,,,mk020,mk020_050,,,1,406.0,406 bytes,,
2022-05-10,2022-05-09,2022-05-01,2022,project10,b0b8fb43f023561959333220b41bd7e8,Asset,Master,shot,,,mk020,mk020_050,,,5,2375423106.0,2265 MB,,
2022-05-10,2022-05-09,2022-05-01,2022,project10,b0b8fb43f023561959333220b41bd7e8,Asset,Master,shot,,,mk020,mk020_050,,,1,956.0,956 bytes,,
2022-05-10,2022-05-09,2022-05-01,2022,project10,b0b8fb43f023561959333220b41bd7e8,Asset,Master,shot,,,mk020,mk020_050,,,29,25522162.0,24 MB,,
2022-05-10,2022-05-09,2022-05-01,2022,project10,b0b8fb43f023561959333220b41bd7e8,Asset,Master,shot,,,mk020,mk020_050,,,1,453.0,453 bytes,,
2022-05-10,2022-05-09,2022-05-01,2022,project10,b0b8fb43f023561959333220b41bd7e8,Asset,Master,shot,,,mk020,mk020_050,,,29,179154535.0,171 MB,,
2022-05-10,2022-05-09,2022-05-01,2022,project10,b0b8fb43f023561959333220b41bd7e8,Asset,Master,shot,,,mk020,mk020_070,,,1,1452.0,1452 bytes,,
2022-05-10,2022-05-09,2022-05-01,2022,project10,b0b8fb43f023561959333220b41bd7e8,Asset,Master,shot,,,mk020,mk020_070,,,1,782.0,782 bytes,,
2022-05-10,2022-05-09,2022-05-01,2022,project10,b0b8fb43f023561959333220b41bd7e8,Asset,Master,shot,,,mk020,mk020_070,,,1,531.0,531 bytes,,
2022-05-10,2022-05-09,2022-05-01,2022,project10,b0b8fb43f023561959333220b41bd7e8,Asset,Master,shot,,,mk020,mk020_070,,,1,361.0,361 bytes,,
2022-05-10,2022-05-09,2022-05-01,2022,project10,b0b8fb43f023561959333220b41bd7e8,Asset,Master,shot,,,mk020,mk020_070,,,1,371.0,371 bytes,,
2022-05-10,2022-05-09,2022-05-01,2022,project10,b0b8fb43f023561959333220b41bd7e8,Asset,Master,shot,,,mk020,mk020_070,,,1,373.0,373 bytes,,
2022-05-10,2022-05-09,2022-05-01,2022,project10,b0b8fb43f023561959333220b41bd7e8,Asset,Master,shot,,,mk020,mk020_070,,,1,57.0,57 bytes,,
2022-05-10,2022-05-09,2022-05-01,2022,project10,b0b8fb43f023561959333220b41bd7e8,Asset,Master,shot,,,mk020,mk020_070,,,1,956.0,956 bytes,,
2022-05-10,2022-05-09,2022-05-01,2022,project10,b0b8fb43f023561959333220b41bd7e8,Asset,Master,shot,,,mk020,mk020_070,,,1,453.0,453 bytes,,
2022-05-10,2022-05-09,2022-05-01,2022,project10,ef62da4b11b8d10b70865e4693df94ad,Asset,Master,global,,,,,,,1,548.0,548 bytes,,
2022-05-10,2022-05-09,2022-05-01,2022,project10,ef62da4b11b8d10b70865e4693df94ad,Asset,Master,global,,,,,,,1,679.0,679 bytes,,
2022-05-10,2022-05-09,2022-05-01,2022,project10,ef62da4b11b8d10b70865e4693df94ad,Asset,Master,global,,,,,,,1,651.0,651 bytes,,
2022-05-10,2022-05-09,2022-05-01,2022,project10,ef62da4b11b8d10b70865e4693df94ad,Asset,Master,global,,,,,,,1,161240.0,157 kB,,
2022-05-10,2022-05-09,2022-05-01,2022,project10,ef62da4b11b8d10b70865e4693df94ad,Asset,Master,shot,modelling,,zmt010,zmt010_mk_theater_int01,,,1,1740013.0,1699 kB,,
2022-05-10,2022-05-09,2022-05-01,2022,project10,5930d2f67d427c68c1e248e3f2bf76e0,Asset,Master,shot,,,mk020,mk020_020,,,1,25535849.0,24 MB,,
2022-05-10,2022-05-09,2022-05-01,2022,project10,5930d2f67d427c68c1e248e3f2bf76e0,Asset,Master,shot,,,mk021,mk021_070,,,1,10186699.0,9948 kB,,
2022-05-10,2022-05-09,2022-05-01,2022,project10,463144c60eff4b2a4744b9ffb7be5a2c,Asset,Master,shot,charfxinput,,mk020,mk020_040,,,1,60135277.0,57 MB,,
2022-05-10,2022-05-09,2022-05-01,2022,project10,463144c60eff4b2a4744b9ffb7be5a2c,Asset,Master,shot,layoutcamfix,,mk002,mk002_lois01,,,1,23584572.0,22 MB,yes,yes
2022-05-10,2022-05-09,2022-05-01,2022,project10,463144c60eff4b2a4744b9ffb7be5a2c,Asset,Master,shot,layoutcamfixcapture,,mk002,mk002_lois01,,,2,2391660.0,2336 kB,,
2022-05-10,2022-05-09,2022-05-01,2022,project10,463144c60eff4b2a4744b9ffb7be5a2c,Asset,Master,shot,,,mk002,mk002_lois01,,,1,2358.0,2358 bytes,,
2022-05-10,2022-05-09,2022-05-01,2022,project10,463144c60eff4b2a4744b9ffb7be5a2c,Asset,Master,shot,,,mk002,mk002_lois01,,,1,553.0,553 bytes,,
2022-05-10,2022-05-09,2022-05-01,2022,project10,463144c60eff4b2a4744b9ffb7be5a2c,Asset,Master,shot,,,mk002,mk002_lois01,,,2,26915.0,26 kB,,
2022-05-10,2022-05-09,2022-05-01,2022,project10,463144c60eff4b2a4744b9ffb7be5a2c,Asset,Master,shot,,,mk002,mk002_lois01,,,1,855.0,855 bytes,,
2022-05-10,2022-05-09,2022-05-01,2022,project10,463144c60eff4b2a4744b9ffb7be5a2c,Asset,Master,shot,,,mk002,mk002_lois01,,,2,27936.0,27 kB,,
2022-05-10,2022-05-09,2022-05-01,2022,project10,463144c60eff4b2a4744b9ffb7be5a2c,Asset,Master,shot,,,mk002,mk002_lois01,,,1,669.0,669 bytes,,
2022-05-10,2022-05-09,2022-05-01,2022,project10,463144c60eff4b2a4744b9ffb7be5a2c,Asset,Master,shot,,,mk020,mk020_040,,,1,8483.0,8483 bytes,,
2022-05-10,2022-05-09,2022-05-01,2022,project10,463144c60eff4b2a4744b9ffb7be5a2c,Asset,Master,shot,,,mk020,mk020_040,,,1,8744.0,8744 bytes,,
2022-05-10,2022-05-09,2022-05-01,2022,project10,463144c60eff4b2a4744b9ffb7be5a2c,Asset,Master,shot,,,mk020,mk020_040,,,1,7708.0,7708 bytes,,
2022-05-10,2022-05-09,2022-05-01,2022,project10,463144c60eff4b2a4744b9ffb7be5a2c,Asset,Master,shot,,,mk020,mk020_040,,,1,2731.0,2731 bytes,,
2022-05-10,2022-05-09,2022-05-01,2022,project10,463144c60eff4b2a4744b9ffb7be5a2c,Asset,Master,shot,,,mk020,mk020_040,,,1,7711.0,7711 bytes,,
2022-05-10,2022-05-09,2022-05-01,2022,project10,463144c60eff4b2a4744b9ffb7be5a2c,Asset,Master,shot,,,mk020,mk020_040,,,1,2733.0,2733 bytes,,
2022-05-10,2022-05-09,2022-05-01,2022,project10,463144c60eff4b2a4744b9ffb7be5a2c,Asset,Master,shot,,,mk020,mk020_040,,,1,9113.0,9113 bytes,,
2022-05-10,2022-05-09,2022-05-01,2022,project10,463144c60eff4b2a4744b9ffb7be5a2c,Asset,Master,shot,,,mk020,mk020_040,,,1,6811.0,6811 bytes,,
2022-05-10,2022-05-09,2022-05-01,2022,project10,463144c60eff4b2a4744b9ffb7be5a2c,Asset,Master,shot,,,mk020,mk020_040,,,1,371477.0,363 kB,,
2022-05-10,2022-05-09,2022-05-01,2022,project10,463144c60eff4b2a4744b9ffb7be5a2c,Asset,Master,shot,,,mk020,mk020_040,,,1,411719.0,402 kB,,
2022-05-10,2022-05-09,2022-05-01,2022,project10,463144c60eff4b2a4744b9ffb7be5a2c,Asset,Master,shot,,,mk020,mk020_040,,,1,5397.0,5397 bytes,,
2022-05-10,2022-05-09,2022-05-01,2022,project10,463144c60eff4b2a4744b9ffb7be5a2c,Asset,Master,shot,,,mk020,mk020_040,,,1,361.0,361 bytes,,
2022-05-10,2022-05-09,2022-05-01,2022,project10,463144c60eff4b2a4744b9ffb7be5a2c,Asset,Master,shot,,,mk020,mk020_040,,,1,956.0,956 bytes,,
2022-05-10,2022-05-09,2022-05-01,2022,project10,463144c60eff4b2a4744b9ffb7be5a2c,Asset,Master,shot,,,mk020,mk020_040,,,1,956.0,956 bytes,,
2022-05-10,2022-05-09,2022-05-01,2022,project10,463144c60eff4b2a4744b9ffb7be5a2c,Asset,Master,shot,,,mk020,mk020_040,,,1,956.0,956 bytes,,
2022-05-10,2022-05-09,2022-05-01,2022,project10,463144c60eff4b2a4744b9ffb7be5a2c,Asset,Master,shot,,,mk020,mk020_040,,,1,1224.0,1224 bytes,,
2022-05-10,2022-05-09,2022-05-01,2022,project10,463144c60eff4b2a4744b9ffb7be5a2c,Asset,Master,shot,,,mk020,mk020_040,,,1,1224.0,1224 bytes,,
2022-05-10,2022-05-09,2022-05-01,2022,project10,463144c60eff4b2a4744b9ffb7be5a2c,Asset,Master,shot,,,mk020,mk020_040,,,1,1224.0,1224 bytes,,
2022-05-10,2022-05-09,2022-05-01,2022,project10,463144c60eff4b2a4744b9ffb7be5a2c,Asset,Master,shot,,,mk020,mk020_040,,,1,1232.0,1232 bytes,,
2022-05-10,2022-05-09,2022-05-01,2022,project10,463144c60eff4b2a4744b9ffb7be5a2c,Asset,Master,shot,,,mk020,mk020_040,,,1,1232.0,1232 bytes,,
2022-05-10,2022-05-09,2022-05-01,2022,project10,463144c60eff4b2a4744b9ffb7be5a2c,Asset,Master,shot,,,mk020,mk020_040,,,1,1232.0,1232 bytes,,
2022-05-10,2022-05-09,2022-05-01,2022,project10,463144c60eff4b2a4744b9ffb7be5a2c,Asset,Master,shot,,,mk020,mk020_040,,,1,1228.0,1228 bytes,,
2022-05-10,2022-05-09,2022-05-01,2022,project10,463144c60eff4b2a4744b9ffb7be5a2c,Asset,Master,shot,,,mk020,mk020_040,,,1,1228.0,1228 bytes,,
2022-05-10,2022-05-09,2022-05-01,2022,project10,463144c60eff4b2a4744b9ffb7be5a2c,Asset,Master,shot,,,mk020,mk020_040,,,1,1228.0,1228 bytes,,
2022-05-10,2022-05-09,2022-05-01,2022,project10,463144c60eff4b2a4744b9ffb7be5a2c,Asset,Master,shot,,,mk020,mk020_040,,,1,1216.0,1216 bytes,,
2022-05-10,2022-05-09,2022-05-01,2022,project10,463144c60eff4b2a4744b9ffb7be5a2c,Asset,Master,shot,,,mk020,mk020_040,,,1,1216.0,1216 bytes,,
2022-05-10,2022-05-09,2022-05-01,2022,project10,463144c60eff4b2a4744b9ffb7be5a2c,Asset,Master,shot,,,mk020,mk020_040,,,1,1216.0,1216 bytes,,
2022-05-10,2022-05-09,2022-05-01,2022,project10,463144c60eff4b2a4744b9ffb7be5a2c,Asset,Master,shot,,,mk020,mk020_040,,,1,8709.0,8709 bytes,,
2022-05-10,2022-05-09,2022-05-01,2022,project10,463144c60eff4b2a4744b9ffb7be5a2c,Asset,Master,shot,,,mk020,mk020_040,,,1,8709.0,8709 bytes,,
2022-05-10,2022-05-09,2022-05-01,2022,project10,463144c60eff4b2a4744b9ffb7be5a2c,Asset,Master,shot,,,mk020,mk020_040,,,1,8709.0,8709 bytes,,
2022-05-10,2022-05-09,2022-05-01,2022,project10,463144c60eff4b2a4744b9ffb7be5a2c,Asset,Master,shot,,,mk020,mk020_040,,,1,499.0,499 bytes,,
2022-05-10,2022-05-09,2022-05-01,2022,project10,463144c60eff4b2a4744b9ffb7be5a2c,Asset,Master,shot,,,mk020,mk020_040,,,1,499.0,499 bytes,,
2022-05-10,2022-05-09,2022-05-01,2022,project10,463144c60eff4b2a4744b9ffb7be5a2c,Asset,Master,shot,,,mk020,mk020_040,,,1,499.0,499 bytes,,
2022-05-10,2022-05-09,2022-05-01,2022,project10,463144c60eff4b2a4744b9ffb7be5a2c,Asset,Master,shot,,,mk020,mk020_040,,,1,851.0,851 bytes,,
2022-05-10,2022-05-09,2022-05-01,2022,project10,463144c60eff4b2a4744b9ffb7be5a2c,Asset,Master,shot,,,mk020,mk020_040,,,1,851.0,851 bytes,,
2022-05-10,2022-05-09,2022-05-01,2022,project10,463144c60eff4b2a4744b9ffb7be5a2c,Asset,Master,shot,,,mk020,mk020_040,,,1,851.0,851 bytes,,
2022-05-10,2022-05-09,2022-05-01,2022,project10,463144c60eff4b2a4744b9ffb7be5a2c,Asset,Master,shot,,,mk020,mk020_040,,,1,852.0,852 bytes,,
2022-05-10,2022-05-09,2022-05-01,2022,project10,463144c60eff4b2a4744b9ffb7be5a2c,Asset,Master,shot,,,mk020,mk020_040,,,1,852.0,852 bytes,,
2022-05-10,2022-05-09,2022-05-01,2022,project10,463144c60eff4b2a4744b9ffb7be5a2c,Asset,Master,shot,,,mk020,mk020_040,,,1,852.0,852 bytes,,
2022-05-10,2022-05-09,2022-05-01,2022,project10,463144c60eff4b2a4744b9ffb7be5a2c,Asset,Master,shot,,,mk020,mk020_040,,,1,855.0,855 bytes,,
2022-05-10,2022-05-09,2022-05-01,2022,project10,463144c60eff4b2a4744b9ffb7be5a2c,Asset,Master,shot,,,mk020,mk020_040,,,1,855.0,855 bytes,,
2022-05-10,2022-05-09,2022-05-01,2022,project10,463144c60eff4b2a4744b9ffb7be5a2c,Asset,Master,shot,,,mk020,mk020_040,,,1,855.0,855 bytes,,
2022-05-10,2022-05-09,2022-05-01,2022,project10,463144c60eff4b2a4744b9ffb7be5a2c,Asset,Master,shot,,,mk020,mk020_040,,,1,856.0,856 bytes,,
2022-05-10,2022-05-09,2022-05-01,2022,project10,463144c60eff4b2a4744b9ffb7be5a2c,Asset,Master,shot,,,mk020,mk020_040,,,1,856.0,856 bytes,,
2022-05-10,2022-05-09,2022-05-01,2022,project10,463144c60eff4b2a4744b9ffb7be5a2c,Asset,Master,shot,,,mk020,mk020_040,,,1,856.0,856 bytes,,
2022-05-10,2022-05-09,2022-05-01,2022,project10,463144c60eff4b2a4744b9ffb7be5a2c,Asset,Master,shot,,,mk020,mk020_040,,,1,853.0,853 bytes,,
2022-05-10,2022-05-09,2022-05-01,2022,project10,463144c60eff4b2a4744b9ffb7be5a2c,Asset,Master,shot,,,mk020,mk020_040,,,1,853.0,853 bytes,,
2022-05-10,2022-05-09,2022-05-01,2022,project10,463144c60eff4b2a4744b9ffb7be5a2c,Asset,Master,shot,,,mk020,mk020_040,,,1,853.0,853 bytes,,
2022-05-10,2022-05-09,2022-05-01,2022,project10,463144c60eff4b2a4744b9ffb7be5a2c,Asset,Master,shot,,,mk020,mk020_040,,,1,854.0,854 bytes,,
2022-05-10,2022-05-09,2022-05-01,2022,project10,463144c60eff4b2a4744b9ffb7be5a2c,Asset,Master,shot,,,mk020,mk020_040,,,1,854.0,854 bytes,,
2022-05-10,2022-05-09,2022-05-01,2022,project10,463144c60eff4b2a4744b9ffb7be5a2c,Asset,Master,shot,,,mk020,mk020_040,,,1,854.0,854 bytes,,
2022-05-10,2022-05-09,2022-05-01,2022,project10,463144c60eff4b2a4744b9ffb7be5a2c,Asset,Master,shot,,,mk020,mk020_040,,,1,847.0,847 bytes,,
2022-05-10,2022-05-09,2022-05-01,2022,project10,463144c60eff4b2a4744b9ffb7be5a2c,Asset,Master,shot,,,mk020,mk020_040,,,1,847.0,847 bytes,,
2022-05-10,2022-05-09,2022-05-01,2022,project10,463144c60eff4b2a4744b9ffb7be5a2c,Asset,Master,shot,,,mk020,mk020_040,,,1,847.0,847 bytes,,
2022-05-10,2022-05-09,2022-05-01,2022,project10,463144c60eff4b2a4744b9ffb7be5a2c,Asset,Master,shot,,,mk020,mk020_040,,,1,848.0,848 bytes,,
2022-05-10,2022-05-09,2022-05-01,2022,project10,463144c60eff4b2a4744b9ffb7be5a2c,Asset,Master,shot,,,mk020,mk020_040,,,1,848.0,848 bytes,,
2022-05-10,2022-05-09,2022-05-01,2022,project10,463144c60eff4b2a4744b9ffb7be5a2c,Asset,Master,shot,,,mk020,mk020_040,,,1,848.0,848 bytes,,
2022-05-10,2022-05-09,2022-05-01,2022,project10,d50190e95c03b30a5bf63f214945d9fd,Asset,Master,global,,,,,,,1,331.0,331 bytes,,
2022-05-10,2022-05-09,2022-05-01,2022,project10,d50190e95c03b30a5bf63f214945d9fd,Asset,Master,global,,,,,,,4,1572277.0,1535 kB,,
2022-05-10,2022-05-09,2022-05-01,2022,project10,d50190e95c03b30a5bf63f214945d9fd,Asset,Master,shot,,,mk002,mk002_clark01,,,2,2100.0,2100 bytes,,
2022-05-10,2022-05-09,2022-05-01,2022,project10,d50190e95c03b30a5bf63f214945d9fd,Asset,Master,shot,,,mk002,mk002_clark01,,,2,439344.0,429 kB,,
2022-05-10,2022-05-09,2022-05-01,2022,project10,d50190e95c03b30a5bf63f214945d9fd,Asset,Master,shot,,,mk002,mk002_lois01,,,1,700.0,700 bytes,,
2022-05-10,2022-05-09,2022-05-01,2022,project10,d50190e95c03b30a5bf63f214945d9fd,Asset,Master,shot,,,mk002,mk002_lois01,,,1,155387.0,152 kB,,
2022-05-10,2022-05-09,2022-05-01,2022,project10,d50190e95c03b30a5bf63f214945d9fd,Asset,Master,shot,,,mk002,mk002_lois01,,,2,10257354.0,10017 kB,,
2022-05-10,2022-05-09,2022-05-01,2022,project10,d50190e95c03b30a5bf63f214945d9fd,Asset,Master,shot,,,mk002,mk002_lois01,,,2,528028.0,516 kB,,
2022-05-10,2022-05-09,2022-05-01,2022,project10,d50190e95c03b30a5bf63f214945d9fd,Asset,Master,shot,,,mk002,mk002_lois01,,,2,2829762.0,2763 kB,,
2022-05-10,2022-05-09,2022-05-01,2022,project10,d50190e95c03b30a5bf63f214945d9fd,Asset,Master,shot,,,mk002,mk002_lois01,,,2,11240943.0,11 MB,,
2022-05-10,2022-05-09,2022-05-01,2022,project10,d50190e95c03b30a5bf63f214945d9fd,Asset,Master,shot,,,mk002,mk002_lois01,,,2,10127076.0,9890 kB,,
2022-05-10,2022-05-09,2022-05-01,2022,project10,d50190e95c03b30a5bf63f214945d9fd,Asset,Master,shot,,,mk002,mk002_lois01,,,2,7240072.0,7070 kB,,
2022-05-10,2022-05-09,2022-05-01,2022,project10,d50190e95c03b30a5bf63f214945d9fd,Asset,Master,shot,,,mk002,mk002_lois01,,,2,6016373.0,5875 kB,,
2022-05-10,2022-05-09,2022-05-01,2022,project10,d50190e95c03b30a5bf63f214945d9fd,Asset,Master,shot,,,mk002,mk002_lois01,,,2,15247775.0,15 MB,,
2022-05-10,2022-05-09,2022-05-01,2022,project10,d50190e95c03b30a5bf63f214945d9fd,Asset,Master,shot,,,mk002,mk002_lois01,,,2,6087617.0,5945 kB,,
2022-05-10,2022-05-09,2022-05-01,2022,project10,d50190e95c03b30a5bf63f214945d9fd,Asset,Master,shot,,,mk002,mk002_lois01,,,2,753950.0,736 kB,,
2022-05-10,2022-05-09,2022-05-01,2022,project10,d50190e95c03b30a5bf63f214945d9fd,Asset,Master,shot,,,mk002,mk002_lois01,,,2,4122505.0,4026 kB,,
2022-05-10,2022-05-09,2022-05-01,2022,project10,d50190e95c03b30a5bf63f214945d9fd,Asset,Master,shot,,,mk002,mk002_lois01,,,2,5562457.0,5432 kB,,
2022-05-10,2022-05-09,2022-05-01,2022,project10,d50190e95c03b30a5bf63f214945d9fd,Asset,Master,shot,,,mk002,mk002_lois01,,,2,31801537.0,30 MB,,
2022-05-10,2022-05-09,2022-05-01,2022,project10,d50190e95c03b30a5bf63f214945d9fd,Asset,Master,shot,,,mk002,mk002_lois01,,,2,63519.0,62 kB,,
2022-05-10,2022-05-09,2022-05-01,2022,project10,d50190e95c03b30a5bf63f214945d9fd,Asset,Master,shot,,,mk002,mk002_lois01,,,2,813537.0,794 kB,,
2022-05-10,2022-05-09,2022-05-01,2022,project10,d50190e95c03b30a5bf63f214945d9fd,Asset,Master,shot,,,mk002,mk002_lois01,,,2,4962437.0,4846 kB,,
2022-05-10,2022-05-09,2022-05-01,2022,project10,d50190e95c03b30a5bf63f214945d9fd,Asset,Master,shot,,,mk002,mk002_lois01,,,2,74899.0,73 kB,,
2022-05-10,2022-05-09,2022-05-01,2022,project10,d50190e95c03b30a5bf63f214945d9fd,Asset,Master,shot,,,mk002,mk002_lois01,,,2,60921.0,59 kB,,
2022-05-10,2022-05-09,2022-05-01,2022,project10,d50190e95c03b30a5bf63f214945d9fd,Asset,Master,shot,,,mk002,mk002_lois01,,,2,74742.0,73 kB,,
2022-05-10,2022-05-09,2022-05-01,2022,project10,d50190e95c03b30a5bf63f214945d9fd,Asset,Master,shot,,,mk002,mk002_lois01,,,2,221415.0,216 kB,,
2022-05-10,2022-05-09,2022-05-01,2022,project10,d50190e95c03b30a5bf63f214945d9fd,Asset,Master,shot,,,mk002,mk002_lois01,,,2,221409.0,216 kB,,
2022-05-10,2022-05-09,2022-05-01,2022,project10,d50190e95c03b30a5bf63f214945d9fd,Asset,Master,shot,,,mk002,mk002_lois01,,,2,221399.0,216 kB,,
2022-05-10,2022-05-09,2022-05-01,2022,project10,d50190e95c03b30a5bf63f214945d9fd,Asset,Master,shot,,,mk002,mk002_lois01,,,2,221409.0,216 kB,,
2022-05-10,2022-05-09,2022-05-01,2022,project10,d50190e95c03b30a5bf63f214945d9fd,Asset,Master,shot,,,mk002,mk002_lois01,,,2,221409.0,216 kB,,
2022-05-10,2022-05-09,2022-05-01,2022,project10,d50190e95c03b30a5bf63f214945d9fd,Asset,Master,shot,,,mk002,mk002_lois01,,,2,221409.0,216 kB,,
2022-05-10,2022-05-09,2022-05-01,2022,project10,d50190e95c03b30a5bf63f214945d9fd,Asset,Master,shot,,,mk002,mk002_lois01,,,2,931058.0,909 kB,,
2022-05-10,2022-05-09,2022-05-01,2022,project10,d50190e95c03b30a5bf63f214945d9fd,Asset,Master,shot,,,mk002,mk002_lois01,,,2,221407.0,216 kB,,
2022-05-10,2022-05-09,2022-05-01,2022,project10,d50190e95c03b30a5bf63f214945d9fd,Asset,Master,shot,,,mk002,mk002_lois01,,,2,7379627.0,7207 kB,,
2022-05-10,2022-05-09,2022-05-01,2022,project10,42085cda1ad479e8a675af683fbe29a1,Asset,Master,global,,,,,,,1,92508939.0,88 MB,,
2022-05-10,2022-05-09,2022-05-01,2022,project10,42085cda1ad479e8a675af683fbe29a1,Asset,Master,shot,anim,,mk021,mk021_090,,,1,1907871700.0,1819 MB,yes,
2022-05-10,2022-05-09,2022-05-01,2022,project10,42085cda1ad479e8a675af683fbe29a1,Asset,Master,shot,animbase,,mk021,mk021_090,,,1,1907871618.0,1819 MB,,
2022-05-10,2022-05-09,2022-05-01,2022,project10,42085cda1ad479e8a675af683fbe29a1,Asset,Master,shot,animcapture,,mk021,mk021_090,,,4,321808782.0,307 MB,,
2022-05-10,2022-05-09,2022-05-01,2022,project10,42085cda1ad479e8a675af683fbe29a1,Asset,Master,shot,animqc,,mk021,mk021_090,,,1,201889125.0,193 MB,,
2022-05-10,2022-05-09,2022-05-01,2022,project10,42085cda1ad479e8a675af683fbe29a1,Asset,Master,shot,,,mk021,mk021_090,,,1,1452.0,1452 bytes,,
2022-05-10,2022-05-09,2022-05-01,2022,project10,42085cda1ad479e8a675af683fbe29a1,Asset,Master,shot,,,mk021,mk021_090,,,1,10533.0,10 kB,,
2022-05-10,2022-05-09,2022-05-01,2022,project10,42085cda1ad479e8a675af683fbe29a1,Asset,Master,shot,,,mk021,mk021_090,,,1,309.0,309 bytes,,
2022-05-10,2022-05-09,2022-05-01,2022,project10,42085cda1ad479e8a675af683fbe29a1,Asset,Master,shot,,,mk021,mk021_090,,,1,393.0,393 bytes,,
2022-05-10,2022-05-09,2022-05-01,2022,project10,42085cda1ad479e8a675af683fbe29a1,Asset,Master,shot,,,mk021,mk021_090,,,1,403.0,403 bytes,,
2022-05-10,2022-05-09,2022-05-01,2022,project10,42085cda1ad479e8a675af683fbe29a1,Asset,Master,shot,,,mk021,mk021_090,,,1,2623.0,2623 bytes,,
2022-05-10,2022-05-09,2022-05-01,2022,project10,42085cda1ad479e8a675af683fbe29a1,Asset,Master,shot,,,mk021,mk021_090,,,1,368.0,368 bytes,,
2022-05-10,2022-05-09,2022-05-01,2022,project10,42085cda1ad479e8a675af683fbe29a1,Asset,Master,shot,,,mk021,mk021_090,,,1,363.0,363 bytes,,
2022-05-10,2022-05-09,2022-05-01,2022,project10,42085cda1ad479e8a675af683fbe29a1,Asset,Master,shot,,,mk021,mk021_090,,,1,868.0,868 bytes,,
2022-05-10,2022-05-09,2022-05-01,2022,project10,42085cda1ad479e8a675af683fbe29a1,Asset,Master,shot,,,mk021,mk021_090,,,3,148951270.0,142 MB,,
2022-05-10,2022-05-09,2022-05-01,2022,project10,42085cda1ad479e8a675af683fbe29a1,Asset,Master,shot,,,mk021,mk021_090,,,3,148951279.0,142 MB,,
2022-05-10,2022-05-09,2022-05-01,2022,project10,42085cda1ad479e8a675af683fbe29a1,Asset,Master,shot,,,mk021,mk021_090,,,1,858.0,858 bytes,,
2022-05-10,2022-05-09,2022-05-01,2022,project10,42085cda1ad479e8a675af683fbe29a1,Asset,Master,shot,,,mk021,mk021_090,,,4,728097300.0,694 MB,,
2022-05-10,2022-05-09,2022-05-01,2022,project10,42085cda1ad479e8a675af683fbe29a1,Asset,Master,shot,,,mk021,mk021_090,,,4,728097304.0,694 MB,,
2022-05-10,2022-05-09,2022-05-01,2022,project10,42085cda1ad479e8a675af683fbe29a1,Asset,Master,shot,,,mk021,mk021_090,,,1,871.0,871 bytes,,
2022-05-10,2022-05-09,2022-05-01,2022,project10,42085cda1ad479e8a675af683fbe29a1,Asset,Master,shot,,,mk021,mk021_090,,,3,2904407.0,2836 kB,,
2022-05-10,2022-05-09,2022-05-01,2022,project10,42085cda1ad479e8a675af683fbe29a1,Asset,Master,shot,,,mk021,mk021_090,,,1,861.0,861 bytes,,
2022-05-10,2022-05-09,2022-05-01,2022,project10,42085cda1ad479e8a675af683fbe29a1,Asset,Master,shot,,,mk021,mk021_090,,,4,91955821.0,88 MB,,
2022-05-10,2022-05-09,2022-05-01,2022,project10,c40dc2f257afb8fe52d0a5a9d0d9bf11,Asset,Master,shot,,,mk002,mk002_lois01,,,1,1557.0,1557 bytes,,
2022-05-10,2022-05-09,2022-05-01,2022,project10,c40dc2f257afb8fe52d0a5a9d0d9bf11,Asset,Master,shot,,,mk002,mk002_lois01,,,1,147525.0,144 kB,,
2022-05-10,2022-05-09,2022-05-01,2022,project10,c40dc2f257afb8fe52d0a5a9d0d9bf11,Asset,Master,shot,,,mk002,mk002_lois01,,,1,13458.0,13 kB,,
2022-05-10,2022-05-09,2022-05-01,2022,project10,c40dc2f257afb8fe52d0a5a9d0d9bf11,Asset,Master,shot,,,mk002,mk002_lois01,,,1,885.0,885 bytes,,
2022-05-10,2022-05-09,2022-05-01,2022,project10,c40dc2f257afb8fe52d0a5a9d0d9bf11,Asset,Master,shot,,,mk002,mk002_lois01,,,1,13969.0,14 kB,,
2022-05-10,2022-05-09,2022-05-01,2022,project10,c40dc2f257afb8fe52d0a5a9d0d9bf11,Asset,Master,shot,,,mk019,mk019_090,,,1,4214.0,4214 bytes,,
2022-05-10,2022-05-09,2022-05-01,2022,project10,c40dc2f257afb8fe52d0a5a9d0d9bf11,Asset,Master,shot,,,mk019,mk019_090,,,1,6340872.0,6192 kB,,
2022-05-10,2022-05-09,2022-05-01,2022,project10,c40dc2f257afb8fe52d0a5a9d0d9bf11,Asset,Master,shot,,,mk019,mk019_090,,,1,55778.0,54 kB,,
2022-05-10,2022-05-09,2022-05-01,2022,project10,c40dc2f257afb8fe52d0a5a9d0d9bf11,Asset,Master,shot,,,mk019,mk019_090,,,1,1046157.0,1022 kB,,
2022-05-10,2022-05-09,2022-05-01,2022,project10,c40dc2f257afb8fe52d0a5a9d0d9bf11,Asset,Master,shot,,,mk019,mk019_090,,,1,52075.0,51 kB,,
2022-05-10,2022-05-09,2022-05-01,2022,project10,9385b0cdb69a0fb77c4ca7eb06a827a8,Asset,Master,global,,,,,,,1,34820361.0,33 MB,,
2022-05-10,2022-05-09,2022-05-01,2022,project10,9385b0cdb69a0fb77c4ca7eb06a827a8,Asset,Master,global,,,,,,,1,14270348.0,14 MB,,
2022-05-10,2022-05-09,2022-05-01,2022,project10,9385b0cdb69a0fb77c4ca7eb06a827a8,Asset,Master,shot,anim,,mk021,mk021_060,,,1,853924303.0,814 MB,,
2022-05-10,2022-05-09,2022-05-01,2022,project10,9385b0cdb69a0fb77c4ca7eb06a827a8,Asset,Master,shot,anim,,mk021,mk021_070,,,1,645087692.0,615 MB,yes,yes
2022-05-10,2022-05-09,2022-05-01,2022,project10,9385b0cdb69a0fb77c4ca7eb06a827a8,Asset,Master,shot,animbase,,mk021,mk021_060,,,1,853963934.0,814 MB,,
2022-05-10,2022-05-09,2022-05-01,2022,project10,9385b0cdb69a0fb77c4ca7eb06a827a8,Asset,Master,shot,animbase,,mk021,mk021_070,,,1,645086934.0,615 MB,,
2022-05-10,2022-05-09,2022-05-01,2022,project10,9385b0cdb69a0fb77c4ca7eb06a827a8,Asset,Master,shot,animcapture,,mk021,mk021_060,,,2,97243111.0,93 MB,yes,
2022-05-10,2022-05-09,2022-05-01,2022,project10,9385b0cdb69a0fb77c4ca7eb06a827a8,Asset,Master,shot,animcapture,,mk021,mk021_070,,,1,22236518.0,21 MB,yes,
2022-05-10,2022-05-09,2022-05-01,2022,project10,9385b0cdb69a0fb77c4ca7eb06a827a8,Asset,Master,shot,animcapture,,mk021,mk021_070,,,1,22066877.0,21 MB,,
2022-05-10,2022-05-09,2022-05-01,2022,project10,9385b0cdb69a0fb77c4ca7eb06a827a8,Asset,Master,shot,animqc,,mk021,mk021_060,,,1,286171102.0,273 MB,,
2022-05-10,2022-05-09,2022-05-01,2022,project10,9385b0cdb69a0fb77c4ca7eb06a827a8,Asset,Master,shot,animqc,,mk021,mk021_070,,,1,198611964.0,189 MB,,
2022-05-10,2022-05-09,2022-05-01,2022,project10,9385b0cdb69a0fb77c4ca7eb06a827a8,Asset,Master,shot,,,mk021,mk021_060,,,1,1452.0,1452 bytes,,
2022-05-10,2022-05-09,2022-05-01,2022,project10,9385b0cdb69a0fb77c4ca7eb06a827a8,Asset,Master,shot,,,mk021,mk021_060,,,1,8359.0,8359 bytes,,
2022-05-10,2022-05-09,2022-05-01,2022,project10,9385b0cdb69a0fb77c4ca7eb06a827a8,Asset,Master,shot,,,mk021,mk021_060,,,1,309.0,309 bytes,,
2022-05-10,2022-05-09,2022-05-01,2022,project10,9385b0cdb69a0fb77c4ca7eb06a827a8,Asset,Master,shot,,,mk021,mk021_060,,,1,393.0,393 bytes,,
2022-05-10,2022-05-09,2022-05-01,2022,project10,9385b0cdb69a0fb77c4ca7eb06a827a8,Asset,Master,shot,,,mk021,mk021_060,,,1,403.0,403 bytes,,
2022-05-10,2022-05-09,2022-05-01,2022,project10,9385b0cdb69a0fb77c4ca7eb06a827a8,Asset,Master,shot,,,mk021,mk021_060,,,1,1630.0,1630 bytes,,
2022-05-10,2022-05-09,2022-05-01,2022,project10,9385b0cdb69a0fb77c4ca7eb06a827a8,Asset,Master,shot,,,mk021,mk021_060,,,1,368.0,368 bytes,,
2022-05-10,2022-05-09,2022-05-01,2022,project10,9385b0cdb69a0fb77c4ca7eb06a827a8,Asset,Master,shot,,,mk021,mk021_060,,,1,363.0,363 bytes,,
2022-05-10,2022-05-09,2022-05-01,2022,project10,9385b0cdb69a0fb77c4ca7eb06a827a8,Asset,Master,shot,,,mk021,mk021_060,,,1,475.0,475 bytes,,
2022-05-10,2022-05-09,2022-05-01,2022,project10,9385b0cdb69a0fb77c4ca7eb06a827a8,Asset,Master,shot,,,mk021,mk021_060,,,2,169438.0,165 kB,,
2022-05-10,2022-05-09,2022-05-01,2022,project10,9385b0cdb69a0fb77c4ca7eb06a827a8,Asset,Master,shot,,,mk021,mk021_060,,,1,850.0,850 bytes,,
2022-05-10,2022-05-09,2022-05-01,2022,project10,9385b0cdb69a0fb77c4ca7eb06a827a8,Asset,Master,shot,,,mk021,mk021_060,,,2,12529230.0,12 MB,,
2022-05-10,2022-05-09,2022-05-01,2022,project10,9385b0cdb69a0fb77c4ca7eb06a827a8,Asset,Master,shot,,,mk021,mk021_060,,,2,12529280.0,12 MB,,
2022-05-10,2022-05-09,2022-05-01,2022,project10,9385b0cdb69a0fb77c4ca7eb06a827a8,Asset,Master,shot,,,mk021,mk021_060,,,1,866.0,866 bytes,,
2022-05-10,2022-05-09,2022-05-01,2022,project10,9385b0cdb69a0fb77c4ca7eb06a827a8,Asset,Master,shot,,,mk021,mk021_060,,,3,1323214.0,1292 kB,,
2022-05-10,2022-05-09,2022-05-01,2022,project10,9385b0cdb69a0fb77c4ca7eb06a827a8,Asset,Master,shot,,,mk021,mk021_060,,,3,1323223.0,1292 kB,,
2022-05-10,2022-05-09,2022-05-01,2022,project10,9385b0cdb69a0fb77c4ca7eb06a827a8,Asset,Master,shot,,,mk021,mk021_060,,,1,856.0,856 bytes,,
2022-05-10,2022-05-09,2022-05-01,2022,project10,9385b0cdb69a0fb77c4ca7eb06a827a8,Asset,Master,shot,,,mk021,mk021_060,,,2,108217951.0,103 MB,,
2022-05-10,2022-05-09,2022-05-01,2022,project10,9385b0cdb69a0fb77c4ca7eb06a827a8,Asset,Master,shot,,,mk021,mk021_060,,,2,108217953.0,103 MB,,
2022-05-10,2022-05-09,2022-05-01,2022,project10,9385b0cdb69a0fb77c4ca7eb06a827a8,Asset,Master,shot,,,mk021,mk021_060,,,1,642.0,642 bytes,,
2022-05-10,2022-05-09,2022-05-01,2022,project10,9385b0cdb69a0fb77c4ca7eb06a827a8,Asset,Master,shot,,,mk021,mk021_060,,,3,285774.0,279 kB,,
2022-05-10,2022-05-09,2022-05-01,2022,project10,9385b0cdb69a0fb77c4ca7eb06a827a8,Asset,Master,shot,,,mk021,mk021_060,,,1,860.0,860 bytes,,
2022-05-10,2022-05-09,2022-05-01,2022,project10,9385b0cdb69a0fb77c4ca7eb06a827a8,Asset,Master,shot,,,mk021,mk021_060,,,2,11340972.0,11 MB,,
2022-05-10,2022-05-09,2022-05-01,2022,project10,9385b0cdb69a0fb77c4ca7eb06a827a8,Asset,Master,shot,,,mk021,mk021_060,,,1,871.0,871 bytes,,
2022-05-10,2022-05-09,2022-05-01,2022,project10,9385b0cdb69a0fb77c4ca7eb06a827a8,Asset,Master,shot,,,mk021,mk021_060,,,3,205652.0,201 kB,,
2022-05-10,2022-05-09,2022-05-01,2022,project10,9385b0cdb69a0fb77c4ca7eb06a827a8,Asset,Master,shot,,,mk021,mk021_060,,,1,860.0,860 bytes,,
2022-05-10,2022-05-09,2022-05-01,2022,project10,9385b0cdb69a0fb77c4ca7eb06a827a8,Asset,Master,shot,,,mk021,mk021_060,,,2,30911334.0,29 MB,,
2022-05-10,2022-05-09,2022-05-01,2022,project10,9385b0cdb69a0fb77c4ca7eb06a827a8,Asset,Master,shot,,,mk021,mk021_060,,,1,872.0,872 bytes,,
2022-05-10,2022-05-09,2022-05-01,2022,project10,9385b0cdb69a0fb77c4ca7eb06a827a8,Asset,Master,shot,,,mk021,mk021_060,,,3,33058.0,32 kB,,
2022-05-10,2022-05-09,2022-05-01,2022,project10,9385b0cdb69a0fb77c4ca7eb06a827a8,Asset,Master,shot,,,mk021,mk021_070,,,1,1452.0,1452 bytes,,
2022-05-10,2022-05-09,2022-05-01,2022,project10,9385b0cdb69a0fb77c4ca7eb06a827a8,Asset,Master,shot,,,mk021,mk021_070,,,1,4068.0,4068 bytes,,
2022-05-10,2022-05-09,2022-05-01,2022,project10,9385b0cdb69a0fb77c4ca7eb06a827a8,Asset,Master,shot,,,mk021,mk021_070,,,1,309.0,309 bytes,,
2022-05-10,2022-05-09,2022-05-01,2022,project10,9385b0cdb69a0fb77c4ca7eb06a827a8,Asset,Master,shot,,,mk021,mk021_070,,,1,393.0,393 bytes,,
2022-05-10,2022-05-09,2022-05-01,2022,project10,9385b0cdb69a0fb77c4ca7eb06a827a8,Asset,Master,shot,,,mk021,mk021_070,,,1,403.0,403 bytes,,
2022-05-10,2022-05-09,2022-05-01,2022,project10,9385b0cdb69a0fb77c4ca7eb06a827a8,Asset,Master,shot,,,mk021,mk021_070,,,1,634.0,634 bytes,,
2022-05-10,2022-05-09,2022-05-01,2022,project10,9385b0cdb69a0fb77c4ca7eb06a827a8,Asset,Master,shot,,,mk021,mk021_070,,,1,368.0,368 bytes,,
2022-05-10,2022-05-09,2022-05-01,2022,project10,9385b0cdb69a0fb77c4ca7eb06a827a8,Asset,Master,shot,,,mk021,mk021_070,,,1,363.0,363 bytes,,
2022-05-10,2022-05-09,2022-05-01,2022,project10,9385b0cdb69a0fb77c4ca7eb06a827a8,Asset,Master,shot,,,mk021,mk021_070,,,1,475.0,475 bytes,,
2022-05-10,2022-05-09,2022-05-01,2022,project10,9385b0cdb69a0fb77c4ca7eb06a827a8,Asset,Master,shot,,,mk021,mk021_070,,,2,160278.0,157 kB,,
2022-05-10,2022-05-09,2022-05-01,2022,project10,9385b0cdb69a0fb77c4ca7eb06a827a8,Asset,Master,shot,,,mk021,mk021_070,,,1,856.0,856 bytes,,
2022-05-10,2022-05-09,2022-05-01,2022,project10,9385b0cdb69a0fb77c4ca7eb06a827a8,Asset,Master,shot,,,mk021,mk021_070,,,2,100829283.0,96 MB,,
2022-05-10,2022-05-09,2022-05-01,2022,project10,9385b0cdb69a0fb77c4ca7eb06a827a8,Asset,Master,shot,,,mk021,mk021_070,,,2,100829285.0,96 MB,,
2022-05-10,2022-05-09,2022-05-01,2022,project10,9385b0cdb69a0fb77c4ca7eb06a827a8,Asset,Master,shot,,,mk021,mk021_070,,,1,860.0,860 bytes,,
2022-05-10,2022-05-09,2022-05-01,2022,project10,9385b0cdb69a0fb77c4ca7eb06a827a8,Asset,Master,shot,,,mk021,mk021_070,,,2,14497186.0,14 MB,,
2022-05-10,2022-05-09,2022-05-01,2022,project10,d455ebe02ac617a41a6f084e36bbe1e8,Asset,Master,shot,,,mk019,mk019_110,,,18,10310931.0,10069 kB,,
2022-05-10,2022-05-09,2022-05-01,2022,project10,d455ebe02ac617a41a6f084e36bbe1e8,Asset,Master,shot,,,mk019,mk019_110,,,18,62747490.0,60 MB,,
2022-05-10,2022-05-09,2022-05-01,2022,project10,f14e818088059b87aaf4c1d614146295,Asset,Master,global,,,,,,,1,168436.0,164 kB,,
2022-05-10,2022-05-09,2022-05-01,2022,project10,f14e818088059b87aaf4c1d614146295,Asset,Master,shot,layerpack,,mk002,mk002_poster04,,,4,613965933.0,586 MB,,
2022-05-10,2022-05-09,2022-05-01,2022,project10,f14e818088059b87aaf4c1d614146295,Asset,Master,shot,lighting,,mk002,mk002_poster04,,,3,257056446.0,245 MB,,
2022-05-10,2022-05-09,2022-05-01,2022,project10,f14e818088059b87aaf4c1d614146295,Asset,Master,shot,lightingdiagnostic,,mk002,mk002_poster04,,,3,121592475.0,116 MB,,
2022-05-10,2022-05-09,2022-05-01,2022,project10,f14e818088059b87aaf4c1d614146295,Asset,Master,shot,,,mk002,mk002_poster04,,,4,5240.0,5240 bytes,,
2022-05-10,2022-05-09,2022-05-01,2022,project10,f14e818088059b87aaf4c1d614146295,Asset,Master,shot,,,mk002,mk002_poster04,,,3,11908.0,12 kB,,
2022-05-10,2022-05-09,2022-05-01,2022,project10,f14e818088059b87aaf4c1d614146295,Asset,Master,shot,,,mk002,mk002_poster04,,,3,3764094.0,3676 kB,,
2022-05-10,2022-05-09,2022-05-01,2022,project10,f14e818088059b87aaf4c1d614146295,Asset,Master,shot,,,mk002,mk002_poster04,,,3,913766046.0,871 MB,,
2022-05-10,2022-05-09,2022-05-01,2022,project10,f14e818088059b87aaf4c1d614146295,Asset,Master,shot,,,mk002,mk002_poster04,,,2,82465459.0,79 MB,,
2022-05-10,2022-05-09,2022-05-01,2022,project10,f14e818088059b87aaf4c1d614146295,Asset,Master,shot,,,mk002,mk002_poster04,,,2,1244005.0,1215 kB,,
2022-05-10,2022-05-09,2022-05-01,2022,project10,f14e818088059b87aaf4c1d614146295,Asset,Master,shot,,,mk002,mk002_poster04,,,2,11143259.0,11 MB,,
2022-05-10,2022-05-09,2022-05-01,2022,project10,f14e818088059b87aaf4c1d614146295,Asset,Master,shot,,,mk002,mk002_poster04,,,2,81497348.0,78 MB,,
2022-05-10,2022-05-09,2022-05-01,2022,project10,f14e818088059b87aaf4c1d614146295,Asset,Master,shot,,,mk002,mk002_poster04,,,2,76483179.0,73 MB,,
2022-05-10,2022-05-09,2022-05-01,2022,project10,f14e818088059b87aaf4c1d614146295,Asset,Master,shot,,,mk002,mk002_poster04,,,2,64003437.0,61 MB,,
2022-05-10,2022-05-09,2022-05-01,2022,project10,f14e818088059b87aaf4c1d614146295,Asset,Master,shot,,,mk002,mk002_poster04,,,2,64062502.0,61 MB,,
2022-05-10,2022-05-09,2022-05-01,2022,project10,f14e818088059b87aaf4c1d614146295,Asset,Master,shot,,,mk002,mk002_poster04,,,2,109715879.0,105 MB,,
2022-05-10,2022-05-09,2022-05-01,2022,project10,f14e818088059b87aaf4c1d614146295,Asset,Master,shot,,,mk002,mk002_poster04,,,2,68878166.0,66 MB,,
2022-05-10,2022-05-09,2022-05-01,2022,project10,f14e818088059b87aaf4c1d614146295,Asset,Master,shot,,,mk002,mk002_poster04,,,2,1762574.0,1721 kB,,
2022-05-10,2022-05-09,2022-05-01,2022,project10,f14e818088059b87aaf4c1d614146295,Asset,Master,shot,,,mk002,mk002_poster04,,,2,24975967.0,24 MB,,
2022-05-10,2022-05-09,2022-05-01,2022,project10,f14e818088059b87aaf4c1d614146295,Asset,Master,shot,,,mk002,mk002_poster04,,,2,34629374.0,33 MB,,
2022-05-10,2022-05-09,2022-05-01,2022,project10,f14e818088059b87aaf4c1d614146295,Asset,Master,shot,,,mk002,mk002_poster04,,,2,162113594.0,155 MB,,
2022-05-10,2022-05-09,2022-05-01,2022,project10,f14e818088059b87aaf4c1d614146295,Asset,Master,shot,,,mk002,mk002_poster04,,,2,13520663.0,13 MB,,
2022-05-10,2022-05-09,2022-05-01,2022,project10,f14e818088059b87aaf4c1d614146295,Asset,Master,shot,,,mk002,mk002_poster04,,,2,429087.0,419 kB,,
2022-05-10,2022-05-09,2022-05-01,2022,project10,f14e818088059b87aaf4c1d614146295,Asset,Master,shot,,,mk002,mk002_poster04,,,2,2414089.0,2358 kB,,
2022-05-10,2022-05-09,2022-05-01,2022,project10,f14e818088059b87aaf4c1d614146295,Asset,Master,shot,,,mk002,mk002_poster04,,,2,39246040.0,37 MB,,
2022-05-10,2022-05-09,2022-05-01,2022,project10,f14e818088059b87aaf4c1d614146295,Asset,Master,shot,,,mk002,mk002_poster04,,,2,843061.0,823 kB,,
2022-05-10,2022-05-09,2022-05-01,2022,project10,f14e818088059b87aaf4c1d614146295,Asset,Master,shot,,,mk002,mk002_poster04,,,2,787777.0,769 kB,,
2022-05-10,2022-05-09,2022-05-01,2022,project10,f14e818088059b87aaf4c1d614146295,Asset,Master,shot,,,mk002,mk002_poster04,,,2,838627.0,819 kB,,
2022-05-10,2022-05-09,2022-05-01,2022,project10,f14e818088059b87aaf4c1d614146295,Asset,Master,shot,,,mk002,mk002_poster04,,,2,2646505.0,2584 kB,,
2022-05-10,2022-05-09,2022-05-01,2022,project10,f14e818088059b87aaf4c1d614146295,Asset,Master,shot,,,mk002,mk002_poster04,,,2,74714626.0,71 MB,,
2022-05-10,2022-05-09,2022-05-01,2022,project10,f14e818088059b87aaf4c1d614146295,Asset,Master,shot,,,mk002,mk002_poster04,,,2,8521813.0,8322 kB,,
2022-05-10,2022-05-09,2022-05-01,2022,project10,98d81f5a7e638d7e8cdd0581c00015b2,Asset,Master,shot,,,zlt01,zlt01_training022,,,3,10956228.0,10 MB,,
2022-05-10,2022-05-09,2022-05-01,2022,project10,98d81f5a7e638d7e8cdd0581c00015b2,Asset,Master,shot,,,zlt01,zlt01_training022,,,4,1825928.0,1783 kB,,
2022-05-10,2022-05-09,2022-05-01,2022,project10,98d81f5a7e638d7e8cdd0581c00015b2,Asset,Master,shot,,,zlt01,zlt01_training022,,,3,139839.0,137 kB,,
2022-05-10,2022-05-09,2022-05-01,2022,project10,98d81f5a7e638d7e8cdd0581c00015b2,Asset,Master,shot,,,zlt01,zlt01_training022,,,3,10178355.0,9940 kB,,
2022-05-10,2022-05-09,2022-05-01,2022,project10,98d81f5a7e638d7e8cdd0581c00015b2,Asset,Master,shot,,,zlt01,zlt01_training023,,,4,25972668.0,25 MB,,
2022-05-10,2022-05-09,2022-05-01,2022,project10,98d81f5a7e638d7e8cdd0581c00015b2,Asset,Master,shot,,,zlt01,zlt01_training023,,,4,1553475.0,1517 kB,,
2022-05-10,2022-05-09,2022-05-01,2022,project10,097937e8fe1983b037d5ffb4a0aaac10,Asset,Master,shot,charfxinput,,mk021,mk021_030,,,1,96627533.0,92 MB,,
2022-05-10,2022-05-09,2022-05-01,2022,project10,097937e8fe1983b037d5ffb4a0aaac10,Asset,Master,shot,charfxinput,,mk021,mk021_060,,,1,86610343.0,83 MB,,
2022-05-10,2022-05-09,2022-05-01,2022,project10,097937e8fe1983b037d5ffb4a0aaac10,Asset,Master,shot,charfxinput,,mk021,mk021_090,,,1,86949256.0,83 MB,,
2022-05-10,2022-05-09,2022-05-01,2022,project10,097937e8fe1983b037d5ffb4a0aaac10,Asset,Master,shot,charfxinput,,mk021,mk021_110,,,1,90323546.0,86 MB,,
2022-05-10,2022-05-09,2022-05-01,2022,project10,097937e8fe1983b037d5ffb4a0aaac10,Asset,Master,shot,charfxinput,,mk021,mk021_150,,,1,76654536.0,73 MB,,
2022-05-10,2022-05-09,2022-05-01,2022,project10,097937e8fe1983b037d5ffb4a0aaac10,Asset,Master,shot,fxinput,,mk021,mk021_030,,,1,186118719.0,177 MB,,
2022-05-10,2022-05-09,2022-05-01,2022,project10,097937e8fe1983b037d5ffb4a0aaac10,Asset,Master,shot,fxinput,,mk021,mk021_060,,,1,167638790.0,160 MB,,
2022-05-10,2022-05-09,2022-05-01,2022,project10,097937e8fe1983b037d5ffb4a0aaac10,Asset,Master,shot,fxinput,,mk021,mk021_090,,,1,166713433.0,159 MB,,
2022-05-10,2022-05-09,2022-05-01,2022,project10,097937e8fe1983b037d5ffb4a0aaac10,Asset,Master,shot,fxinput,,mk021,mk021_110,,,1,167879431.0,160 MB,,
2022-05-10,2022-05-09,2022-05-01,2022,project10,097937e8fe1983b037d5ffb4a0aaac10,Asset,Master,shot,fxinput,,mk021,mk021_150,,,1,144009976.0,137 MB,,
2022-05-10,2022-05-09,2022-05-01,2022,project10,097937e8fe1983b037d5ffb4a0aaac10,Asset,Master,shot,,,mk021,mk021_030,,,1,1410.0,1410 bytes,,
2022-05-10,2022-05-09,2022-05-01,2022,project10,097937e8fe1983b037d5ffb4a0aaac10,Asset,Master,shot,,,mk021,mk021_030,,,1,2769360.0,2704 kB,,
2022-05-10,2022-05-09,2022-05-01,2022,project10,097937e8fe1983b037d5ffb4a0aaac10,Asset,Master,shot,,,mk021,mk021_030,,,1,2775507.0,2710 kB,,
2022-05-10,2022-05-09,2022-05-01,2022,project10,097937e8fe1983b037d5ffb4a0aaac10,Asset,Master,shot,,,mk021,mk021_030,,,1,2770075.0,2705 kB,,
2022-05-10,2022-05-09,2022-05-01,2022,project10,097937e8fe1983b037d5ffb4a0aaac10,Asset,Master,shot,,,mk021,mk021_060,,,1,1410.0,1410 bytes,,
2022-05-10,2022-05-09,2022-05-01,2022,project10,097937e8fe1983b037d5ffb4a0aaac10,Asset,Master,shot,,,mk021,mk021_060,,,1,2788977.0,2724 kB,,
2022-05-10,2022-05-09,2022-05-01,2022,project10,097937e8fe1983b037d5ffb4a0aaac10,Asset,Master,shot,,,mk021,mk021_060,,,1,2794591.0,2729 kB,,
2022-05-10,2022-05-09,2022-05-01,2022,project10,097937e8fe1983b037d5ffb4a0aaac10,Asset,Master,shot,,,mk021,mk021_060,,,1,2789318.0,2724 kB,,
2022-05-10,2022-05-09,2022-05-01,2022,project10,097937e8fe1983b037d5ffb4a0aaac10,Asset,Master,shot,,,mk021,mk021_090,,,1,1410.0,1410 bytes,,
2022-05-10,2022-05-09,2022-05-01,2022,project10,097937e8fe1983b037d5ffb4a0aaac10,Asset,Master,shot,,,mk021,mk021_090,,,1,2912294.0,2844 kB,,
2022-05-10,2022-05-09,2022-05-01,2022,project10,097937e8fe1983b037d5ffb4a0aaac10,Asset,Master,shot,,,mk021,mk021_090,,,1,2918464.0,2850 kB,,
2022-05-10,2022-05-09,2022-05-01,2022,project10,097937e8fe1983b037d5ffb4a0aaac10,Asset,Master,shot,,,mk021,mk021_090,,,1,2912625.0,2844 kB,,
2022-05-10,2022-05-09,2022-05-01,2022,project10,097937e8fe1983b037d5ffb4a0aaac10,Asset,Master,shot,,,mk021,mk021_110,,,1,1410.0,1410 bytes,,
2022-05-10,2022-05-09,2022-05-01,2022,project10,097937e8fe1983b037d5ffb4a0aaac10,Asset,Master,shot,,,mk021,mk021_110,,,1,2850480.0,2784 kB,,
2022-05-10,2022-05-09,2022-05-01,2022,project10,097937e8fe1983b037d5ffb4a0aaac10,Asset,Master,shot,,,mk021,mk021_110,,,1,2858281.0,2791 kB,,
2022-05-10,2022-05-09,2022-05-01,2022,project10,097937e8fe1983b037d5ffb4a0aaac10,Asset,Master,shot,,,mk021,mk021_110,,,1,2850704.0,2784 kB,,
2022-05-10,2022-05-09,2022-05-01,2022,project10,097937e8fe1983b037d5ffb4a0aaac10,Asset,Master,shot,,,mk021,mk021_150,,,1,1410.0,1410 bytes,,
2022-05-10,2022-05-09,2022-05-01,2022,project10,097937e8fe1983b037d5ffb4a0aaac10,Asset,Master,shot,,,mk021,mk021_150,,,1,2868321.0,2801 kB,,
2022-05-10,2022-05-09,2022-05-01,2022,project10,097937e8fe1983b037d5ffb4a0aaac10,Asset,Master,shot,,,mk021,mk021_150,,,1,2876777.0,2809 kB,,
2022-05-10,2022-05-09,2022-05-01,2022,project10,097937e8fe1983b037d5ffb4a0aaac10,Asset,Master,shot,,,mk021,mk021_150,,,1,2869117.0,2802 kB,,
2022-05-10,2022-05-09,2022-05-01,2022,project10,0e0d0caea7134c3b68dcddaad5cc76da,Asset,Master,shot,lightinginput,,mk002,mk002_lois01,,,1,13460939.0,13 MB,,
2022-05-10,2022-05-09,2022-05-01,2022,project10,0e0d0caea7134c3b68dcddaad5cc76da,Asset,Master,shot,lockedforlight,,mk002,mk002_lois01,,,1,23580894.0,22 MB,yes,yes
2022-05-10,2022-05-09,2022-05-01,2022,project10,0e0d0caea7134c3b68dcddaad5cc76da,Asset,Master,shot,,,mk002,mk002_lois01,,,1,146717.0,143 kB,,
2022-05-10,2022-05-09,2022-05-01,2022,project10,0e0d0caea7134c3b68dcddaad5cc76da,Asset,Master,shot,,,mk002,mk002_lois01,,,1,146717.0,143 kB,,
2022-05-10,2022-05-09,2022-05-01,2022,project10,ee3ebc9b53dc9e8265ee8307dac3973f,Asset,Master,other,,,,,,,4,508025191894.0,473 GB,,
2022-05-10,2022-05-09,2022-05-01,2022,project10,ee3ebc9b53dc9e8265ee8307dac3973f,Asset,Master,other,,,,,,,2,254019545048.0,237 GB,,
2022-05-10,2022-05-09,2022-05-01,2022,project10,ee3ebc9b53dc9e8265ee8307dac3973f,Asset,Master,other,,,,,,,1,749641728.0,715 MB,,
2022-05-10,2022-05-09,2022-05-01,2022,project10,ee3ebc9b53dc9e8265ee8307dac3973f,Asset,Master,other,,,,,,,1,33281.0,33 kB,,
2022-05-10,2022-05-09,2022-05-01,2022,project10,ee3ebc9b53dc9e8265ee8307dac3973f,Asset,Master,other,,,,,,,1,1867983654.0,1781 MB,,
2022-05-10,2022-05-09,2022-05-01,2022,project10,ee3ebc9b53dc9e8265ee8307dac3973f,Asset,Master,other,,,,,,,1,125592009325.0,117 GB,,
2022-05-10,2022-05-09,2022-05-01,2022,project10,ee3ebc9b53dc9e8265ee8307dac3973f,Asset,Master,other,,,,,,,1,41936.0,41 kB,,
2022-05-10,2022-05-09,2022-05-01,2022,project10,ee3ebc9b53dc9e8265ee8307dac3973f,Asset,Master,other,,,,,,,1,137067770385.0,128 GB,,
2022-05-10,2022-05-09,2022-05-01,2022,project10,ee3ebc9b53dc9e8265ee8307dac3973f,Asset,Master,other,,,,,,,1,38603.0,38 kB,,
2022-05-10,2022-05-09,2022-05-01,2022,project10,ee3ebc9b53dc9e8265ee8307dac3973f,Asset,Master,other,,,,,,,1,126964790717.0,118 GB,,
2022-05-10,2022-05-09,2022-05-01,2022,project10,ee3ebc9b53dc9e8265ee8307dac3973f,Asset,Master,other,,,,,,,1,87330177536.0,81 GB,,
2022-05-10,2022-05-09,2022-05-01,2022,project10,ee3ebc9b53dc9e8265ee8307dac3973f,Asset,Master,other,,,,,,,1,26784649856.0,25 GB,,
2022-05-10,2022-05-09,2022-05-01,2022,project10,cef775c9ede94ee286ccb67032a4a37b,Asset,Master,global,,,,,,,1,541.0,541 bytes,,
2022-05-10,2022-05-09,2022-05-01,2022,project10,cef775c9ede94ee286ccb67032a4a37b,Asset,Master,global,,,,,,,1,414.0,414 bytes,,
2022-05-10,2022-05-09,2022-05-01,2022,project10,cef775c9ede94ee286ccb67032a4a37b,Asset,Master,global,,,,,,,1,663.0,663 bytes,,
2022-05-10,2022-05-09,2022-05-01,2022,project10,cef775c9ede94ee286ccb67032a4a37b,Asset,Master,global,,,,,,,2,848.0,848 bytes,,
2022-05-10,2022-05-09,2022-05-01,2022,project10,cef775c9ede94ee286ccb67032a4a37b,Asset,Master,global,,,,,,,1,541.0,541 bytes,,
2022-05-10,2022-05-09,2022-05-01,2022,project10,cef775c9ede94ee286ccb67032a4a37b,Asset,Master,global,,,,,,,1,572.0,572 bytes,,
2022-05-10,2022-05-09,2022-05-01,2022,project10,cef775c9ede94ee286ccb67032a4a37b,Asset,Master,global,,,,,,,1,651.0,651 bytes,,
2022-05-10,2022-05-09,2022-05-01,2022,project10,cef775c9ede94ee286ccb67032a4a37b,Asset,Master,global,,,,,,,1,585732.0,572 kB,,
2022-05-10,2022-05-09,2022-05-01,2022,project10,cef775c9ede94ee286ccb67032a4a37b,Asset,Master,global,,,,,,,1,476.0,476 bytes,,
2022-05-10,2022-05-09,2022-05-01,2022,project10,cef775c9ede94ee286ccb67032a4a37b,Asset,Master,global,,,,,,,1,597279.0,583 kB,,
2022-05-10,2022-05-09,2022-05-01,2022,project10,cef775c9ede94ee286ccb67032a4a37b,Asset,Master,global,,,,,,,1,58939522.0,56 MB,,
2022-05-10,2022-05-09,2022-05-01,2022,project10,cef775c9ede94ee286ccb67032a4a37b,Asset,Master,shot,,,zmt010,zmt010_debris_cup01_std02,,,1,477.0,477 bytes,,
2022-05-10,2022-05-09,2022-05-01,2022,project10,cef775c9ede94ee286ccb67032a4a37b,Asset,Master,shot,,,zmt010,zmt010_debris_cup01_std02,,,1,458.0,458 bytes,,
2022-05-10,2022-05-09,2022-05-01,2022,project10,cef775c9ede94ee286ccb67032a4a37b,Asset,Master,shot,,,zmt010,zmt010_debris_cup01_std02,,,1,3502.0,3502 bytes,,
2022-05-10,2022-05-09,2022-05-01,2022,project10,cef775c9ede94ee286ccb67032a4a37b,Asset,Master,shot,,,zmt010,zmt010_debris_cup01_std02,,,1,607.0,607 bytes,,
2022-05-10,2022-05-09,2022-05-01,2022,project10,cef775c9ede94ee286ccb67032a4a37b,Asset,Master,shot,,,zmt010,zmt010_debris_cup01_std02,,,1,663.0,663 bytes,,
2022-05-10,2022-05-09,2022-05-01,2022,project10,cef775c9ede94ee286ccb67032a4a37b,Asset,Master,shot,,,zmt010,zmt010_debris_cup01_std02,,,1,394.0,394 bytes,,
2022-05-10,2022-05-09,2022-05-01,2022,project10,cef775c9ede94ee286ccb67032a4a37b,Asset,Master,shot,,,zmt010,zmt010_debris_cup01_std02,,,1,626.0,626 bytes,,
2022-05-10,2022-05-09,2022-05-01,2022,project10,cef775c9ede94ee286ccb67032a4a37b,Asset,Master,shot,,,zst010,zst010_debris_cup01_std02,,,1,477.0,477 bytes,,
2022-05-10,2022-05-09,2022-05-01,2022,project10,cef775c9ede94ee286ccb67032a4a37b,Asset,Master,shot,,,zst010,zst010_debris_cup01_std02,,,1,458.0,458 bytes,,
2022-05-10,2022-05-09,2022-05-01,2022,project10,cef775c9ede94ee286ccb67032a4a37b,Asset,Master,shot,,,zst010,zst010_debris_cup01_std02,,,1,3502.0,3502 bytes,,
2022-05-10,2022-05-09,2022-05-01,2022,project10,cef775c9ede94ee286ccb67032a4a37b,Asset,Master,shot,,,zst010,zst010_debris_cup01_std02,,,1,607.0,607 bytes,,
2022-05-10,2022-05-09,2022-05-01,2022,project10,cef775c9ede94ee286ccb67032a4a37b,Asset,Master,shot,,,zst010,zst010_debris_cup01_std02,,,1,663.0,663 bytes,,
2022-05-10,2022-05-09,2022-05-01,2022,project10,cef775c9ede94ee286ccb67032a4a37b,Asset,Master,shot,,,zst010,zst010_debris_cup01_std02,,,1,394.0,394 bytes,,
2022-05-10,2022-05-09,2022-05-01,2022,project10,cef775c9ede94ee286ccb67032a4a37b,Asset,Master,shot,,,zst010,zst010_debris_cup01_std02,,,1,626.0,626 bytes,,
2022-05-10,2022-05-09,2022-05-01,2022,project10,c7cac9e16608be9a8765db884165dd59,Asset,Master,other,,,,,,,1,38534.0,38 kB,,
2022-05-10,2022-05-09,2022-05-01,2022,project10,c7cac9e16608be9a8765db884165dd59,Asset,Master,other,,,,,,,1,51365.0,50 kB,,
2022-05-10,2022-05-09,2022-05-01,2022,project10,c7cac9e16608be9a8765db884165dd59,Asset,Master,other,,,,,,,1,16731.0,16 kB,,
2022-05-10,2022-05-09,2022-05-01,2022,project10,316f24714f51bcb4e92bc5bb02cef86c,Asset,Master,shot,fx,,mk021,mk021_020,,,1,933220341.0,890 MB,yes,
2022-05-10,2022-05-09,2022-05-01,2022,project10,316f24714f51bcb4e92bc5bb02cef86c,Asset,Master,shot,fx,,mk021,mk021_020,,,1,933141232.0,890 MB,,
2022-05-10,2022-05-09,2022-05-01,2022,project10,316f24714f51bcb4e92bc5bb02cef86c,Asset,Master,shot,fxinput,,mk021,mk021_060,,,1,157252550.0,150 MB,,
2022-05-10,2022-05-09,2022-05-01,2022,project10,316f24714f51bcb4e92bc5bb02cef86c,Asset,Master,shot,,,mk021,mk021_020,,,2,1710.0,1710 bytes,,
2022-05-10,2022-05-09,2022-05-01,2022,project10,316f24714f51bcb4e92bc5bb02cef86c,Asset,Master,shot,,,mk021,mk021_020,,,2,794.0,794 bytes,,
2022-05-10,2022-05-09,2022-05-01,2022,project10,316f24714f51bcb4e92bc5bb02cef86c,Asset,Master,shot,,,mk021,mk021_020,,,2,1824750.0,1782 kB,,
2022-05-10,2022-05-09,2022-05-01,2022,project10,316f24714f51bcb4e92bc5bb02cef86c,Asset,Master,shot,,,mk021,mk021_020,,,7,3467520.0,3386 kB,,
2022-05-10,2022-05-09,2022-05-01,2022,project10,316f24714f51bcb4e92bc5bb02cef86c,Asset,Master,shot,,,mk021,mk021_020,,,7,17322677.0,17 MB,,
2022-05-10,2022-05-09,2022-05-01,2022,project10,316f24714f51bcb4e92bc5bb02cef86c,Asset,Master,shot,,,mk021,mk021_060,,,1,2800575.0,2735 kB,,
2022-05-10,2022-05-09,2022-05-01,2022,project10,316f24714f51bcb4e92bc5bb02cef86c,Asset,Master,shot,,,mk021,mk021_060,,,1,269529.0,263 kB,,
2022-05-10,2022-05-09,2022-05-01,2022,project10,316f24714f51bcb4e92bc5bb02cef86c,Asset,Master,shot,,,mk021,mk021_060,,,1,498242.0,487 kB,,
