username,type
dcf4b89f09b8b0160b4e7bffcc78204d,td
22915bdfafbdd7beb908295578697308,invalid
afc5550b22221960c369fb42b4e6dc50,artist
7733000014fae5fa80c951f092553114,artist
8e411a3a974e801a5ab226e0e1b24e82,artist
af9ed11c278a2cfe8351aec15a983334,artist
86ad29c6c8c654af4862a6853ec70953,artist
67c4160cc45b2414589781dbbb43f6ce,artist
20a3a701749f3e02cf3b8d64c5c2e09c,invalid
40569eff765cbaddbd94fffa46e61344,invalid
6fee848efa093fed678134b5fadf6ef2,it
7f92c0a042a5099a4513d68e6ca0053e,artist
f949d59ad97ecc618f67e0581e8061fc,td
ec99e1ec86b682139ea6e89109b4dea6,artist
05bffbc4ead2fd4bf3ce2685d5e144a9,artist
f8c1d547c9b9db1235aa91e74040d732,artist
19ac1730687b0a04485502aeb9074b79,artist
47c3ae441cd83e8175a5c1b2e1220bbd,prod
791cf996a57e09fed8d81870e9838676,artist
daf86988cc1a53a7776e78ba8ae2d177,td
f3937389b9bd76c96dbfeddefa962da1,td
d0f22b66f40284a403e5687c3d714451,artist
93a79c90e69314c06e14bc7a20410a81,artist
3481503ae09001e2f5e0e0ea8937e57e,prod
2c9d461d1378266e93e5bb5e0640f663,artist
3f75f31f946bc04d8f781fb155d2b17e,sup
682b46a9fb424882e7e05aa5cd62b080,td
972f77215eb47eff975d639c430eb4d1,artist
66b7d986aa11655eec7dcc407d3c4c2f,artist
3ae8f52cb01d63ea30228080085f9d35,invalid
468901f671f15db3f19398b4cb1c3801,prod
588673a595e29fcd75e4567768d0f601,invalid
0c35b15d70dd43a910329a6e5efcc366,artist
736b55de3a1546a695afd448b664a9ff,artist
3ade0a9c549923cb4265a18bea2dc6d6,artist
4677644ce9b0e9e7b073fc9acafbdd7d,invalid
10e6a85d2ab4d06891d5ca5f5ad18911,invalid
bd340df3f9b4350e3f17289d52dbdbe9,artist
f8cab27b320519c104da11cee865b337,artist
9c99ede516ca53eb131996cac1e359f0,sup
101bdaab095bc03c8de07c64f092a3fb,invalid
7dd388201259452c100486f0f9cce40c,invalid
9707d19fb7dbcafcec327765f4fdcd45,developer
dedbfcab247c377d1f45d55bec70593c,artist
c8bc580668f29309d67a43d7dd98e5a6,artist
9c3f49d7ba12eca6ffff124ab4226a25,invalid
ce763e53f952ca64c786d9166a921ff8,artist
533b1af111c31771ac942ce645f2d83c,artist
46530e750f01084ce27b99741de9845a,artist
19279374792470447003fee254a68bf6,invalid
88a24f49777f8f698cfbd64b8a6d6da4,prod
fcc60002b5bd48762b1f2a6238c2ebc4,artist
6b4cba1294a5801c4503a9ab41a4cf04,artist
43e610d2dcc0bf475f2d087a7e003ad5,artist
839c976eab0ff74bc7a62a981458d9b2,artist
a8d3b8e75d5476baf1b92099e324fdb1,artist
9304a043035d2bb5ffaadaddfb5da798,artist
e5d37dac46b4c320ce919040e9d6331e,prod
27a08450f10f1f9e9082fdbbf2ec8799,artist
33c52356e9eca5e08844bd38b0b42f21,artist
11d97494ccbb40b6d4812a39b0dbdcdd,artist
956f584de5a6f398a089f747f797a629,artist
a15dc7c88e0f0f532fe376fe66430e9f,artist
c06790bf2b6fb8fb74bc05f38be0c516,artist
7f485932b0018324d2a799541cdfc33f,invalid
870da6029bc5a1e7c796e3e8bd484069,invalid
4636ea59586bfaefb66ae39802890961,artist
2ce5b71a21d90ffe8eee81b55464ae89,sup
245fc0a4ab6d3c7f9fb8fb3d249ff4db,sup
cdea50cb68b1d7ceb3932ad206f11a94,invalid
a1e2c7d784d675db6df01a716a671978,sup
020531bae4f9c5b7b1bb8490948e014c,artist
86c8c6c90abd00c209e39736da1ec1fd,artist
3479f1e0c868ced1a21e8fb6fde8dfd5,artist
9c9468dc61d1e18b85bee0a588de7845,artist
8df03bca3f48d310f74fe6092af08c95,artist
a86c899398a60d79e0de9d8fa1ae9b04,artist
289c1921d02188e437566c90a83ae1f3,prod
b2a75f9d4cccf8d351be4d5ce10a960c,artist
9381a3dbd6cb021895e14bb3388d8d09,prod
aff79132e24059dfca8b6819720180c6,prod
1fe74fc20ee2b0acd69341a83da041bb,prod
054e8d2039414cd0427cca0a276b019b,invalid
3dd7646c1cd7a72d9e7474f09cc1e3d6,invalid
8daebf8c57e6bd9ae5f5cd1246906990,prod
f676f5d2d0aa12f5f8b3a863cf59bfe7,artist
c7dac41287b5ee4dbcc46a1b92d5f52f,prod
4d4b5bdea66fdad2b1580e3314813801,prod
795983ad8f89be19e5b88ec53cbe7e17,artist
59548977279905234b7ed3b1710837f2,prod
f2b6eb0716df62b6d19d89548ed87b49,artist
d33f042312bfc94457a6d990094c2124,artist
ef2b90e9b2d259cd5d02a899d72862ab,artist
51f07721ef8812bf6b084e9b81e70b37,prod
4119518f7b3e93a32c4bcb008985e71c,artist
c3357e9626ebd5c19989b04f8f73427d,invalid
7c8b7afaac654c4dd276bf94cf996a43,developer
292a9c5ccc374b4e0f613ed73d3e0bac,td
4cf78caef0630234c8b44e192c7fa1f2,prod
38bde4d11b8cc4dc8fbeef3e41008409,artist
b533776d3948799da45770d660e5abfc,artist
faf30216d914ef826b15aa55747a3b35,artist
25dbaf22ebf455c92c2975ffadab3eb8,prod
3df5736f9552c53da4cba80760daf720,invalid
57649f7c9603cc5b3c51d45d90abf5df,artist
141371ef4c2fee51e46f61f3ddd6a5eb,artist
633ab8896b4ad49fd5d9cfb78ad6b4f9,td
3bbd68e6371f1fd44e3b1ae0ca5ad551,artist
47b85afb4c02a7ebba2f1eea903d18e8,artist
32fdecc4c11976b3b95c1c9e4b2f6af9,invalid
553f043feaa121bd1462e7751eafa70e,artist
7f4329d6447ff0f957f3978d8cdaf234,artist
b2ec411b02c5aeeaddf4f99bb8d55cc7,artist
964d6bf803831e1cbc0a6d5f44061574,prod
24b150da78bbc0b9ed48bc5a420a48ce,artist
15fab698982df669af1e04b7999b93b2,artist
4244506b42c1068d01bd8d068e8a8b4e,sup
802afe9e46abe061697abe46a4621b99,artist
c3bd969b18052c1115d77cc71b9fe963,artist
51dcc2a5cad953b885a1e0446c50970c,invalid
96f05e40a1023a4a3327c565028b3d38,artist
e3881e83d685d0612968c7bb0668c473,invalid
766f2127773fbedd9a81aa57c55a8f63,artist
7e22ad15724c44543d1d4bcafd10c812,td
b2fbe7a89277af34cbad9abc6c967c80,artist
da41bceff97b1cf96078ffb249b3d66e,artist
13d3a302cee22e433e2a236cb1a5cbf6,artist
e44ae6c2be444eca2f275bcbb84c6977,artist
d1441faea6694c4d42816875165c330d,artist
5f0b1bc5fc5c269e2467dac035a75560,invalid
d203efdafb5a1eb78279e500b7de7b35,artist
a334bce7d0d535da7ec149b8ceb3c8bd,artist
4605dc4f5a8fd5d98b9adee4e857d08c,sup
aaf6eeee00bdf5a7675f3549a67d5b02,artist
d90ad8d52f73500c77fbb83f78afc1da,it
ca611ff5688d31eecbe58cd802d812d7,artist
0c5288dc2ccab9982fabbf55f1bcdb90,artist
04221938d51fb451bf196ac105883797,invalid
00f5d6ee481f2750d91c79d26b6bc750,invalid
8616b130f504afef3a0b8accb02d9298,artist
2780afd52b8a405b8985218a4fd79088,td
044835093af6c0fe1f14f92b8e81617c,artist
51fa271f28ef1a8ac25f9fec985fd5cc,artist
e7ffc7fd75884429b63c5becf10ee7c1,artist
acdc2684b8fa015885f054943a3f5b4f,artist
fac5be5da01854c8c8129ec7df3db057,developer
9d0a83c24f3a54860b26e22b300226c3,invalid
a9defaed051e19f4a9a42e72844880fc,td
c61e5d1a82a6a99dae10391ef325ce5e,artist
3b1d1c49a81bba60c68d1f43732628e4,td
2cf385d75e0c97024894fbe954544e73,invalid
ea193a5004663c17c370bab70b5c39fa,artist
3d5b14d452c090ab46f0cf4e5ffe9371,invalid
0dc8877266bd50fa54ce83278824a0fe,invalid
0263f1338d53d5a23a268cfde8933324,artist
99d4f3c3903f8f1a05cd10b7e72859f2,invalid
f0e6d34a5850cb17be75821d0207d616,invalid
45283a3608260b63fe4a5af02a28c16b,artist
575fa8e7bcfb8551485c01dac2d59c3e,artist
702790b108dfd3a833dc038613c55ea1,artist
e032435da92e785f8f163df5946c06a0,prod
2afa54307fd2d9fd364a6d2a5137550b,artist
288077f055be4fadc3804a69422dd4f8,it
5c5798f712c5317d8202cd4e3a39caba,td
14366bd4a837694433c881127de95f0a,td
7feb350191f077d9ae0ef3be8ef2a06f,artist
4fb73de799fe60d775dea775b0ea0118,artist
2b7bb13e97b3771aa77e9afc78b9652a,invalid
d897cd223790d221418d00e51c3d0921,td
935237db0e4b12af6791da4ff4ce9f71,invalid
0136a83a4cf9c92101943142f1eaf62c,td
874ca06148999b046770b0bf87e43288,td
ffe6c218ac6dae4d1006876a6a77e742,prod
5d8ad0c543eed94a0ae16a1d1193b24a,artist
3f723de136be547805a6ac8ef7f3615e,prod
4f29eccbced04cec9b2a3956f4ff2a8c,developer
cae77399a4400bdd7c0aab7039f41795,prod
7856b77ceaddbb90c8e5bf177d7e4090,prod
4fdab94a61a515f400d382683df88e5c,artist
9083611605cb45336b7019a1e705599f,artist
4595964cf69ff110ecf8d5a617b39aa0,invalid
f44574f63a1e5add64ea609b94930da8,artist
9156a7c3e8f9954f6c0a03d7485cf0b7,artist
aa36732293b037ea9812c59e10b76fd8,artist
7863ebdb1e191b339d112c4bbabb6073,invalid
6d7301d69994e462da522642d395d2e8,artist
6e731c534aee92d5221fb42ce91295bd,artist
bd83e36fd70b882bb34648e71b294dbd,developer
fdd9f480649cc08f1e973b19c711cd8c,artist
935babd3d5a89d7b39bac02486c45a53,invalid
231d6dfa52526758b834d92d51450e86,td
4d0893f3d718565c7799abadcd8258e1,artist
3a5c08567f836891c3b6b97b5264ec11,invalid
74be5b4775803ad376cfa9f4fd73ec56,sup
bdd53e5d8b9da0f941e15806cccd4977,invalid
cf284e4fa81ebb1c9b5d85a4f91808a1,invalid
2656e62a6d48640b363c15affbe3da5a,artist
ee086648e484839602facc32482301a6,sup
a2ebe87434134e0d8fb60f11e82df073,td
efd5f0d6fd76464ac4cde5f142c8c77b,developer
c35be065cede624e69daf2c097141eee,invalid
c010407e9cd3e2a0ee427be9e18f97d8,invalid
694eef1fe68f986df783b5331dc16f53,artist
f545347d35e20b38528f5f31ca60ae61,artist
69cc181ee043e9c88be5e71a1d012818,artist
e7da195535254b2d3f255d9b857d2c5f,artist
527185e8356bfe7a0010c1160e224c10,artist
0f9a9a9e545a5b6cd719c6b6f379952d,artist
79841f2cc5b98136a3ac65cfdeb8b4c5,artist
99bfd6fc99772b9aea41da1ee8f11a62,td
015a474f251af07f7e99e464e7b31715,invalid
3196da8f8221c6ca9e69a23b8bcb1742,invalid
4ca6d8c92ca9b2e60509be639e5cee91,artist
c09225ddaa084eb834d32e3165c27c25,invalid
8983a64e64891055247395d56d102cfb,sup
fd45d4dba5b1b3ce6077af675ed2bfa0,invalid
67995dc41e19a715f68d5cd78e6bc1f1,artist
a98b29779ae2d94ca25fc047f19cd912,artist
890a79428c59e39a8ac014e7940b01e2,artist
18e6c619bc3cf55798e007d44b5a5217,artist
b449408b9323486663a8b93631c42346,sup
d3d324ce4d654d766572355cb9b7046a,artist
a5e4a261e526a27aa2047d3ac83aa0d8,artist
efb61fc53cf4af494fbae19a0bfe47f1,invalid
afc6b869e0fab5c9ccfdedd3bb7c963a,artist
0a1fc05284607965b49603bd31dde94b,artist
6092486239e46843eb30972288e927ac,artist
b461bbbb374048959c0128cf3d6a1dc7,artist
b0a035a9f28717e9214ea64ecfcb3e5a,artist
cd4a5779d3587962c31732e57122fe75,sup
a341e56f33366f8656304272c3fabf61,td
b3f66220a0a61e8e895e3c130ea9e842,invalid
d7e5993a3dacfbe802a4714dc8f8c35c,invalid
e0da3a043b21f7193584b65447c6f486,prod
115650da6904e80c5d16db65fcc7ee38,artist
b72d7629f39c14db8746eeb707d7dfd8,artist
ec5876b2b2b9833f9eba20e90e3fc916,invalid
b477ceca2f4aa0ea1e1113f52f05c26f,artist
676703ecb675f184610e56b6eb239fe3,invalid
7f27bf293fe0b93dff5802799386f1f6,artist
00301f71bb9cc3d912d2271b1a4a5ee5,it
af3d9565f37a1ac7a59bf2c5eefd67b1,prod
f98414b0e0d5448f58696988e67f66e6,developer
b749d6f16c0dd2ccb850089bede0b1eb,artist
d1a0f3e47d3921c281de9f413c7cece1,invalid
9f1726a09a2770845d4038968780dcd8,artist
5919a2cfcdc64767b997447ea3009434,prod
17af87a56c9078990371fd2f12468a12,artist
d66de9bc1ce3879a652cbb309243bd64,artist
d536ac9c86db5601d376da37fcefe4fc,prod
669bd88bc77354b2dae08d6f54574a6f,prod
59fb32dde3b2c28f466d5d106366bb65,prod
b0b8fb43f023561959333220b41bd7e8,artist
05f66ec6f54d97ac28c6816eee520f3a,artist
9b9f1c08de60d8853976007235f9b996,artist
c29568b819422a045610cdddc2a2e407,artist
58f98e4c16b4fb7a62aa320f80c17d0c,prod
d36c5d59f70471b51969f60d9de9ba95,artist
8ee97dab36e49bfe4c5bac7470992e50,artist
3398b76af7d385449d30571f3b957d04,invalid
8740dfb8ac57de20df00ad1911eb12e5,invalid
2b37e94b31061fcf1ff60181895281b0,invalid
0d61f8370cad1d412f80b84d143e1257,invalid
29897c600cf676fd9dd10019fd76bb74,prod
fddc3c169f2356446882250c3c798398,artist
ef62da4b11b8d10b70865e4693df94ad,td
235957e020f4e32801beaa75079d4941,invalid
4fbd960239b20bd30035134e4e09c0ed,td
668f709cb2e71197ffb3cbdc24c716da,artist
6cf687a619e2d27205b339993136cec3,artist
d7d18b19d9341ee1e176616a203f8bd1,artist
84ca927e917b031b6aa7a4cbf5a32b61,artist
1cdba494d505b1ea6fcf1e6cef7e7527,artist
5b6d68926000a8546a32540b48a626f9,artist
6b7103f9ecdf114952b8f31d8574f6b7,invalid
d4bd2692170adee7767b1e8ffd89e1ec,artist
a99f2333873228fc8955bb6650192b74,artist
d8d226fcfa493ef9bcc6a02a4289c815,artist
6c1cca1267fb474fc0a5a99091293255,prod
2439b4d2d233990c5bac4f98da9aa782,artist
2888cbba8bb8f02674a7e067a30c157e,prod
8c8d966c419bb0dbea1d46594be85afd,prod
7ce421e26a28399ce02b9aaa2a8dbcba,sup
293780472200fc499ae0238abedff652,artist
e79c7770129de89e3139c0b19bdbca7d,artist
2c436fb124d4e95452d6d2a60d250975,prod
6662c8a56d1279c11671b3f8c297a65f,invalid
82023b5d45aa81147b4a555d0c4a1b2b,prod
13dfcc8e24d57bc9263a8694dd478454,artist
91257db7110016c7e2766c8b8cf8afdc,td
02f0533f24e7def536281f9f446ff111,pmo
1e52e73f124a8f313d6979b51021650c,prod
dacc6acad95d6547e32e6263e10246ad,prod
d017bf1c72856b39779b0e116706705a,artist
705987d46989ab5230f53f5e39d3069c,artist
a9b0baf9d31968dd00fe2771b87dcd92,artist
a243d139c3feac399c000da02105b94d,artist
af9588ecd8830d57836b0b67c0b8a238,td
69574194eb7efa4c5998fb0aa6ee277e,invalid
d0d5bab9c77860743da9c117cdc25002,artist
41800d1be9717a61fa887ab3afabf05e,td
c0a75b1ffda4d8192fec1f8a267e6e8c,artist
a7d378e07e45dd5d03a41b230891e77e,td
3f2c67d01cd799b27f41a478180f231d,invalid
baeae66ad1600d5d4a4b708abdfa7542,td
73fcdf0007b17bddad5cc696dfe4eb85,artist
1648de6382369244baaf0a25565aa3a8,invalid
0fa64c7123094cdb296b522d732cca30,prod
3a6fecfc14d139d90faeee260ee83a07,artist
7060c169a2bc34ca76997e25508a620f,artist
f81e986ee4c9f80d6002bf5302b3ea87,invalid
002a558d7a3cd52d1cbaa223dc4f733c,invalid
91cb315a6405bfcc30e2c4571ccfb8ce,invalid
224146d371d264c3cedc1d5dc4cb53da,invalid
3865a57e5fbe6eb5e4bc9fc26c5853d2,artist
4b036afb7b77740180403260499ea6e7,prod
c11ae2417ac57d0ba0bdfb0d45be51b2,artist
d932c3a6c754dd1b5a8acaf7a92d3d8d,artist
fd1d9fcd383ccc2bebf7de86a9dad287,artist
012a9eafe4f2cec601b0959668e028da,sup
7324e0689a2062b5048b5d14f1a7ea40,artist
feaef49d6d189112c79b51084f3468d4,artist
7f5a525c1e619e491822f6cb2e4b570e,artist
1e92382914c18fddfbe7b77f4b51dfb2,artist
5b150146873f67eff5def8b46bb03769,artist
76b52227add932353e647da9ebe2285c,artist
e75b85f9a6ea5b3f944583663d1c4d37,artist
3cbc9f9a20ef07cc77e749cc40d709b5,td
c4e6b16e68b33c40d852c09dad22d02c,artist
b94deaf2c83af7f6a3a337c9a436f41e,sup
b8779d029ddc875bf7fcb3bdc455f014,artist
cf9ce239ef6aab2bfa3b4623f44b496b,artist
f463056fbf5c205de25b5cb20bc828e7,artist
533a54dd8e0e231329fcb3ac4ab8c3ae,artist
6b4ccae71398ada5b0f003a556e6a33e,td
ccd3b5739f6a1f6ba24060ef5b894b9e,artist
ca412f64eb05e4d8edcfdb583774d814,artist
962906b169ae791d825d67328475e692,artist
5f1ec07b677e6e13083994cbabd38b01,td
eabb8a5af5cf0718b3407a9013cb3253,artist
64fd04e24461db5dcee2f5efbf9711c0,td
6a9be973bf35cd902f8ba6c745844eb3,artist
bea3e37c8098300f680d1a63733e86f2,sup
e4b6bbbdef50cc3406de0029beae43f6,artist
e9b6211bc8b143704ddc1616f92cf996,invalid
d387962be4219976e21d58002edd629b,artist
ad068a019f30447b23801948356d5ece,artist
ec59a2f73237f02fdd9576e099ae4eee,artist
060907acb0ed23191a3398218f43f0a2,artist
2056fef592a998f413eb120bd323b8d3,it
941dbcb4a6af610d1e41bbebdaeb3e67,artist
c7f38407682fe4b861ff89fffafb01c7,invalid
b54c80f9fe0cb27861a31a14ab53920b,sup
711b0cb7d6465e502c8b759edf715913,invalid
2f5e7195ec5bd4e7d59baff1b637e8f2,artist
c9edcc8fa0bffbb2967963f7d60ed15b,artist
a989e73ffeac04356f876bc7be62a422,invalid
9aba84ef9299a96e8ec90fb7533f1341,artist
0051ab2baf19bab5f8b52b8852371688,artist
09414660db34aadbc268d56a49a37092,artist
34bf376830bd9305452ad7df72eaf759,artist
b3b626e752957a5110e8abd6c7876eb3,prod
f468f945559ade80a00dba6b6fabbeac,prod
b4297694daf4912a59aa7c66a407d205,artist
c23956983f02b6db80740c71864169e5,artist
ffdef4452a3bcdde098ae26dd0d035e7,artist
4f12bbe2deb9958410c21d08cb608418,artist
dca40a0cdf6ad441a0d9f1fbea3fd4d9,artist
dc7573e83f4c334fe8efe1c9673da8e6,invalid
1522cb2a0651067dae66508d55b9d2c9,developer
9f5e6e20b3933df107e0af342e08684c,artist
77b9bc844c3c5e0f72095b5967c23572,invalid
b47702c682800ef5ea5e741a7251c8c2,artist
13f158e0499bf0469fe9e0ddcb1e4d95,artist
5930d2f67d427c68c1e248e3f2bf76e0,sup
f11eb8b7022a4ce2ca2802e726cfa006,prod
f376efbe6a2a515b1e4b1dff2650df51,artist
7ecc6f8c60f54f36e92274e44d5d1f7e,artist
4867563a97e1fc0411b87e485c751de1,artist
14084800449265ee16a75ea7465d01b6,sup
9824cee018c1c97b92488dd34af769db,artist
706f8789b5dbe3e5f05d04a511de0728,artist
b465ac1b90012a34d6c522554da6f4d5,artist
12701a6ecddfad2228d8e3552b320ebf,prod
0d32690ec0e2d7ceed8d0e1606d23533,artist
ae4f2da142b3ec3b2d1467f8c7d7bf3c,invalid
52412b591cdae15a740ba43da75332b9,admin
2acee20026077676068b0ca009892e57,artist
06861bfe45929464aa9c6d1228680a8e,developer
e34a95a7395ec848877c51cbf3e423b2,developer
979fc40a0c908b62d882741333e4d72f,prod
463144c60eff4b2a4744b9ffb7be5a2c,artist
ee843109325d387cc6669484e2242620,artist
aeba003cdf75af090b499c628990f496,artist
8efba7a05f63fe804d3614ddff7e990c,artist
87ca56a7feed0070532079b4a38907ad,sup
3a29b300b17c07602cace38409067fdd,artist
104730458aa3476b370c900f3b3fa685,artist
23117a7c092e4a310960a8aec057b6ed,artist
4f93350e060e3fd0aefa89adacbf2935,td
32d3401623f2f2f66ad7aecf10dc478a,artist
5bddab92ee319fe23a655afdb61ca13c,artist
5371b1ed1d6e6640aa8d34954e2056f3,prod
f1216d1ca8cd224b382914fc30934fa5,artist
0f92c1e41cfd700edca3d0a0a741305c,prod
07a88e756847244f3496f63f473d6085,invalid
7e5734655330cb241d60fc7fe0cc20d7,prod
28c38f72807f49715752f453b8eed125,invalid
cabecb31fec446c417cc445e7c3fddb1,invalid
a4441ad37261752e25caa1a32f056ecc,invalid
48bac21068b448f6c980809d7335008b,artist
7472b4ae15cc943ca16f5988d4a37419,artist
fa061cc3f96486cba1a06c6c147d8f89,artist
7517f412d562a3b44645f6d6cb875be4,td
512668387d13aadc597ec119ed068270,prod
f408dc445a59dc74c4641709374af6ab,invalid
cc41f904cb1f9e8a18017f1f7dc8f9d0,artist
f5e7f9a27aaacb76745dab91afe9d827,artist
852fc0b206b848cd958d4fb7da7d8d6b,invalid
7442356b0eb0dc4c48c20c5765baa2d5,artist
b254afff16ccf08e90c2cabc90560fe5,artist
7aec8451998b745f21047ccb053995a3,artist
2eeea6ef166701845218e7bd974db939,artist
493c90aebc4cc8c65739735462d6aa39,invalid
56b06d0995e7901f612b0eb3f576e8df,artist
7cd068f5aeb8deff0ec5a97d4bd82ccc,invalid
d2a568a1e280829cad28416e593db77c,artist
a245b4d4318bd2aa43dc4836928c7443,prod
fcdc8569e1cdff88348b6336ddb4893d,developer
d128c49838792eb8ffd326d6aa6f9a7d,developer
aab1f53adb453019246d64a1696099af,invalid
b264ddeafb89cc2aa89704a0ddac138d,developer
217708171b6e30e46289680d88687eff,artist
f02a952340bde594e37f993cf4f2438b,artist
67e9a79e1fdc6f62f7d9a98841eaa588,admin
4efad4874d91cda90b46bf4c7fee3a26,artist
c0f28eebca689ba58961b9b26f65eba7,artist
2abcd97a39bcf3029034a92f962199fe,artist
a7a3c71f93af98bb69440216d4ef63f5,prod
ee1d4256794988feb55ce49d4e568deb,sup
f028029cc5314e6fc5f62e6365413065,invalid
c533e0d982220ab3bffcdf5a847efac8,invalid
086ea0be7c4d28795a9629971ca99bbc,artist
386ade187d443120a17b83437a4a8e3f,invalid
587d60df466bb3467c05604dd8a41568,artist
d2753d938d83d0723d177f8d5b4a041f,invalid
b5ed937c850ace68eb22e340867bfe11,invalid
19de26b0eff013784ebddf8d2214a872,artist
abc8f76dae213a3f11da6c732829dbe8,sup
71173a5a8d548feb1279acfb3a8c94d9,sup
caa267fa938f13cccf35ff059764f8d0,artist
453eddc1ea437398810c94624719e4ed,artist
14007cbbdc7e1c3ecae9e1ebaf75d61e,artist
013ef78fae93dd30d7787c65261ac1a1,artist
70ffc4208228862dc186e775a40a7ca4,artist
273c081a3faaffcfea2e7dcbf604252d,artist
0caf8ed8f3c9b2f2f59b47ccd548a29c,artist
51aa982885878daa3a4d0b82f9aca5b7,artist
8d2bca663885141f20587f7632410e72,artist
6faa46270227194803a29436be332248,artist
6ce52c9359e4c887768a387a76df57a6,artist
dc2bcfceb67eb398dd1b7a0f49969cd4,invalid
6da6a622a252aa5caeb70e8cfdbb9fbd,artist
0ab12ce7a22b4c8ac9d6b14b3b5418bd,artist
7b96cf217435ae3aeab69082bb52babb,invalid
75605703045fa8633932399395636f73,developer
66d214a2f1c594b7ba6ddf8f069bf581,artist
6c76cf395ec59b7e48def3fdfbdb8e39,artist
68116ce0ae62cb8d421a1d749ec0496f,invalid
cc03b08233190c0d212c432d2f06687e,sup
624c9f0a5c8699804e354286cf840f89,sup
562e5e8fcca1b9839d809c1973973582,artist
19a2922bf87f4488507f12244b37dd39,td
4551123fd0674e5278cb1bf79a6aacf1,artist
18ea5cc494cb6062c8d4692591c2b370,sup
3d34999e0a8be5def66101bd0431761c,artist
4e519cf27f2090eb81e1a7886c1346e5,invalid
85c1ccfe72430748dd2aef928f448415,artist
d2d27c330cf632e2ac096956f7d8ab83,artist
393b41a48f0c75f716d272310b224d73,artist
b49ac95b84e70d015280c2152219c198,invalid
858b50ca3ff285c674d8ad562a33071c,invalid
5a57d3941669c8d34a27da109af1aacd,invalid
96c27320bfdccce0bfa506ddd95019d7,prod
9ab8e3e86ace66f4938bc70850ab3de4,prod
fa840d521d2811df38aa235dbd34e683,artist
5033682ba474451a6743cdb9bff0ecb0,artist
4ee0dca6f786d1702b2a065d4a621e2d,td
3b606a8a82432c1a48c5a43b62e2abb8,invalid
8c1cb2eae100cd0c6ee67fa8dffbf46c,artist
966077ef985bd4c76acd6621abac0164,it
52dab2c2cf5a07ddf9930361db4eaf17,invalid
7da274495fbedb6bf0a306db53b52d63,artist
cd77699605b9775a410790d45fbd7b23,artist
ef509b48ae45998609631333993b8fc2,invalid
c860abd03ab245d5c4b5429d25c9cf4a,artist
2e67e11ff86f6d9ad13b84eca04d837e,artist
1d2a3c4da2ac4acccafa7afb884b7dc5,artist
2aedc0c470d1cb3810c66352b1f6203c,artist
c2c87279ffa546a582490f5bbc89ea8a,artist
e5b35cb2e9b2b9b20de2f3c4e1bc1644,invalid
2cb60ab0f60c0436151f809b38b13a2d,invalid
d29f527cce448fd7400c921ec23820db,artist
b4f24f8f9f08c46cba47f158546b7be2,invalid
81e5ce6e8d67dc1595f34fc5cb4821db,artist
9596e8829caf06e4dd6abd70ac126c5b,artist
30e360a83b51241070afa3aa69c2e23b,artist
c5c188185e8b07d196dbc155419b8c9f,artist
e1d8cac9689ee50a02c3d412fb23a463,developer
ad858771a7d1b3fe78f8333264aaef17,artist
ce2b561a17fa69e450f8269fe2785b6f,invalid
e857c6e3000785699c4e045a5604a6a2,td
c84a71940cf09ef87c14598ec6332abc,artist
c88a9e84f1740e836b71b12f4b3d9fc2,invalid
7ffa1ee5fdbc11f4be6ca7a973e924f1,prod
406b5d57015fc6a022a5dbede8b0af0c,artist
137d756ac668557a71cea9a8c1d9f33a,artist
ce901cadd9a7078d4568ef4dcbaffd9b,invalid
d285e9fedf214ad9cf8c12882f51fe30,artist
73eec3e957d39e3357415580a86ac590,invalid
e72b1fbf7cc3b15c3d7b218f013facfa,invalid
5dc6da3adfe8ccf1287a98c0a8f74496,invalid
0cc8cea662e67bf80da8b80ea03b803e,it
8d737d356a47bbf122c5f4e6e26a752f,artist
efae527f14d8bf880c84c91e6effc9e2,artist
41878dc231a61f9be0a807fe2222e1f6,sup
7ebfe35919b6b8fa42be365f836f88a1,artist
0f77f53af49de8441d514684a631573b,prod
7fafb0239c12a32e752ecf49b1ff8401,artist
c630dd16135d2a82b0518e1cd3b5d36f,artist
4f41444c7bb41eb85a220c5775fe9da9,invalid
3e4b25ce7c909dc6d9a061b1630ef1a8,sup
8876e31f38c43c735531cd53fb79815c,sup
7d4396bcc7e10c47e0e0dfadb2cc2397,artist
a0c6885ed568a254679388eaa7fdfc2e,td
962e767a6652d05eddbeb2f8b507eb65,invalid
0df235105484a6c0e1c30c0a460356cf,invalid
e0e5b3eaba97c4c58881f177b9e8c3b3,artist
96af65a7070d042a736f8273735bfe24,sup
50b9fd33c8fb0638e7c925acf0fa4e32,artist
f6953ab7b3c918bf781c93e8745a283d,prod
d7fa2940c6b593ff2a0ff41077328896,artist
d50190e95c03b30a5bf63f214945d9fd,artist
2a2aef8da3c9fa83c51053b5c1510116,invalid
735753eb6192d598e84d10a1568c2f2c,invalid
605e122dd685a7f15e94fb9b00001244,invalid
70409a6fff54e753c05204d954143be9,artist
1019ff227e408ebebf09e73a8b3175e5,admin
5bc7a7af858fab1092150f92c1f06168,artist
2495e52a297874a38ab69800009de646,artist
c74255f79e1be237e42286f17a52c7ae,prod
9f82bf4c813d313b83913469b3dfb5ba,td
97d552b49fd2747365b830cbd36c1982,artist
c1fdd5dc834bcdef562e4a467df00341,invalid
1fee369cbd4a63a500445d8b19a97431,prod
da965b10948b6660dcbab3b260ed5961,artist
33ecce1c7e8cb5ff83bc7d91021c9e68,prod
ce0de85fa2485f94759fd8200a4f8f1c,artist
ec056acd47de6f92dfb36050c0a9ccef,admin
5aeaedc95c969d721a9875b98746ee6f,artist
dbbf62af83674514a420098c1dd4d9d0,invalid
bcfd71c275f756d1aac3e67988d33d78,td
39d6bb8726a1ce14a77829d0d410cefa,prod
d167ccbab9ea5e379dd3adb733f0f0fb,artist
62a24f97c90fc4f55e2341747185d29f,artist
a0fd9808f7a12c19be1eb2251be76147,prod
d19a8a9f8e40836f4a05c6be1eee45de,artist
5e62479af4527ac515cf7a766c4b21f9,td
8be39e3b6e61d1cb1bb6dfec43b3bdf4,artist
cc3b2987385bc6c84eab07420d94868b,prod
bb3cdada67198dd4d724a0d36572c8e2,prod
e3c42683098d4a292cabfba40d2b4f55,artist
0d0de813c1105498e3435dd2fbf7fa26,sup
065c1238d48ba6c41ad5dc19a7ae376a,artist
de1821962c7bd0cd6235b56615b5d56b,artist
28a17ef0d543aa5bfde81567a2923aa4,artist
0f43b9aabe20670ab5b92d5310beb908,invalid
dd7d7476f53f37f13b387d52e9db636b,prod
1a4b4381b0e1346fb58e72f80b6780bb,invalid
6d944b17cce48b35740d44dc30e28f2b,artist
7a36a5e9465a64975241e72bbe60b47d,artist
677f36093cc4aac4daaa2f31b2975ed0,admin
a30653f51a91762176269226c86f615c,prod
762d3d65242a68ccf09b33591004b588,artist
4e8913f84e8eca08313c5dba1ddb17a3,artist
5b7d5f7281b807bda2c18c9e0d36f3f5,invalid
631e1f6e8339acb74ee135ee18166b4c,artist
5bb7fea6051bf0d277d62a38f3382bbb,invalid
a1cddaf5089739407f639446260fb2c2,prod
22b87a477c7795f98707d64464e590b7,td
d37135d9f75547dd47f98115c7b70d3e,invalid
11b8b23f5f21af941427d3011f5ab5ed,invalid
54124bd6a96ec6c76a2bd34038592650,artist
b30ee0d93fa6389db964350c73fd10a6,prod
656e21ac455a4964e86f59b9bb24a391,sup
5d4b7ba76cf68ef0f8f1b0b9f9120da1,developer
808d03a5a4cdf8b01316719cde2bdce6,artist
beff2832664fd471d2dc3eaadc72aa8e,invalid
02f94f61ed841742eabf23569b78e0f2,prod
f4b5d7e79542f3e262f65a6e89bb87b8,developer
17a37505111933e3f92c53ca20f062ee,artist
8ec6dbb2bb58ef90bec34b32f700416c,sup
a8b19af6c9b68eb24a31a08721a93389,invalid
7b7ddc8143f8b8cae1b3f3540f513023,td
b0c58b58428d126dd124e1d1ac291dd5,artist
2526e3372f98f2887b634b46b922dc40,artist
5e1aad8fc75d4db67ace6eb52b908185,artist
d2fb1522962ae26dcfc627f93735ddf7,prod
ebc4c10102e48953557e11bc7ecb1afa,artist
6101da30f858a4d6f9d7b4f8ca53d88d,prod
7cd55aaae8c9870deeb8b8e72a1317f9,artist
400d8c1eec7060e0a8cfbf053f3e8677,artist
f1e4d846500ae65a40583d7d79c888e4,invalid
e9625235201589c08968e6ae79422fac,td
8d5dcf522b6fb3769e78e0ed38ca253b,invalid
79fbe4eb3630e6360373b49077271c98,invalid
fa3c05612142f574237aeb93885d0a24,it
2fb6e8be82996f744a61968059884145,artist
4f722c55f703180840965eca15628ada,artist
b4c90f84302b71fbe46aaafbc60a299c,td
d260307aa39d3e5d81ff45e87e771fa4,invalid
a91ddcac28a4f08dc7e6b670254672dd,artist
42085cda1ad479e8a675af683fbe29a1,artist
27855c42ef5df41ad6b351a9ec04e4fa,prod
9d7df72bdcd1270a679627b5504f2a51,artist
c6aa09a5f3d3e58a3b8b1ce47b6c855d,artist
8999b5e8d409de990af290a461dad317,artist
6b53101948c79db53ae56c0b05543581,invalid
b267615aaf6d6ee5a260b8b21fa96c37,artist
be44350b31ead388097575a0d8e25755,artist
ddaa9741829b1113cb5acb6ed21344a2,artist
69bb061e0fa7821ffd3a430d08621698,sup
efa29ce39c90fe6a1e6d91806e7bf693,invalid
91ac683d23af185bd198a23755227b4a,artist
6366878ec731a70921e5eaebd86e91c6,invalid
16e7a15122c7d81ed9dbf93c5542f324,invalid
7665b3f6f07c0e9b0f60db24e35275ab,artist
54a442fa33409f6e43f522fd9c3e7e64,artist
139907d44f0bf8210fc1ff95842a2b41,artist
79d301e70f4bf65d367ce0512e0548cc,artist
2fa5750bebbbf5075861141c9c5e597e,artist
b69d5295634226d71164a3b0edac2c4c,prod
1624fe27360c7476f2a4071f383e9917,artist
5771c2a0ac7da9a85ad4b8fac76ba2a4,invalid
5f4aa693b2af871ed06666895215048a,prod
dc092782c4a69ea2663edaef030b547c,invalid
ffe9f486fc71da7668199d30f57c23f0,invalid
c7eed28337abf108d9e7325a6a90275d,prod
49543731c38063590b20cc91426bba56,artist
36f47850db268b17a59610164cfcc96e,td
3ff6cc76e620f36fea7e4b1c0a2f6e35,artist
ac808d747cd72b0c29684801b918fdb6,artist
95ec3806f8e4a772b869e4f055231b49,artist
e7aadbfe4e57b2a1ae1f6b3fbabce42a,invalid
5777b5a256f506563b216df096a1a37f,invalid
ca0e1015c269bcf807f4659cbdd8f490,td
cae1c7b7b6b72e87c6341d5122e2034f,artist
2825fec1cf2abba867e522c835e57ee6,artist
1df17494ca43b59582eccced67a238e1,artist
d6a9715759e34dd5f34ff3559253b5ec,prod
caad3d694f48289926412178a262ca21,prod
0fd132d5ce571d99dc076604e939ab57,invalid
b528dde6aa07ed813ce8c453b0af6703,sup
aeb0bad39709f9c3bd3edaccba41ec9e,artist
c5bc11ce720fb3d95bde27e9e13e89f4,artist
65a52c22aaa98341112fcabc1cf10cbd,artist
31c8eb57896dd5c07fa9b0cfa3679a12,prod
bd1fce02d31c9a6bc7a5f0ef0f4a8df6,sup
96e7c3df3a7c3ed00e28c651d92f730d,prod
7b86a134f84f5688bb31b67917275133,artist
fe5da4d1493ca2160511bba9ee36c6ba,admin
1240105c18a560cb656603d91d1a16a6,artist
5bd8b18c1ac1a1d19277dbd5fa8905cc,artist
dbce29e7b2719d8b8b43b83b538b6f99,artist
db57be36bb2868f9a08b3130cb64eb7b,artist
f95a69ccd75e35eecc8f2866f706fd70,admin
0df7f4ecd0d884e0ae0c0ea3ee7d18ad,invalid
1199beb75212dbeb0fb05df30d045ffa,artist
d4f8a69e2a47d2ebd0aca7ccd2b95c33,sup
01798e0ff1d8108d06646cc94a60ebac,td
a8ee207d985edd1e200664e521b94aa1,prod
1c2351213e0199e6bd4efaceac511917,artist
2aeb4288ebf08fc6a7ad8dc2c8d86960,prod
c91ae8e33ca9cad7b137e7024f06fb45,prod
6c602733f386c9115b342ac71103c75f,sup
5f722c4960f96e87f620eb831831f062,developer
b86b9cbfafc2ee5817eeb7fc431e8fc4,it
3d0a62924969316759fd50fa50c8d600,invalid
a20829c9287c29ce145a31cd64953fba,artist
afc7841f099503f448880191d33873a7,prod
267e157e7279cd0c867d294cc0a69515,sup
fb4723affb814423618985351e332911,td
1ddc28966bd5b1cbbef86f47be67da8f,artist
0d8e2197a4cf83f043200c66253f2a5e,artist
e912abc20a34ace62ab7096a4bd911d4,invalid
f46ad7a92e80578e67a10fb9bb741b1b,artist
f75928f1c3070cccb93410e3764c0975,artist
960a1843a4e14b4b304f3f4e1a4c1b11,invalid
1e244230d7d040dc6c2e433197770d1b,sup
e22a8ab405def056cff8d53e40cbe40d,invalid
bb6e2f33daeafd56ad3e49d3543f1c2c,invalid
79ce0ffdbbc9b1d1f6924293e37c1d3c,sup
3c05a652f043ed152af35180c0b08b0e,artist
ddb2ea6dd90a241acb5d2360ce0b1d85,invalid
b3eb156f2ed66fbb404044578ebd4da7,artist
831fbba600e392efdb63096319d97b55,artist
2d1e6db3f059d2b632d5c16ce05f39e7,td
1bad5e6afa711785c64fc9166d15a714,developer
a54a5732e1c4f5402a59aeea1bce473a,artist
a2aad305527fef1a9d97952993bb0d82,artist
f51cf38c008db5dd01fe69af4eda8601,invalid
3d1f19b86e713ef82a4a9220b819e755,artist
7bfa2d60e68d2e600e93dbf4926e7e20,artist
d24e5772bce4a3acf49e7b322c414f7e,artist
04b8ae7b608aac92a8b0cd58087dd831,td
066890b919007b9553c1a84ddde66a1f,artist
7b90388205874a4b3b5f516624241e81,invalid
ea7aef900828333fbd60a687ed3cb38b,artist
6302b9711b327fe29f8d2670581213c7,artist
25369427ce4960de0a9c076796da20e2,invalid
ccfa90947b68a4dc2d834d7fc21cb97c,prod
9f3cddeb6d048d1ed31db03f4b761862,artist
3250758886e47a27d8eabaf82bb5c277,prod
8b41bf9da8e30b961eb3d7bf7e7855aa,td
0869cf46fd51daaf1ee9ad0a2d2dba6a,prod
2edfdd88d4b94047e75ed63d68200a78,sup
030423a92709009426dfb1d87b98d583,artist
5fa71cbd254d0013bef8268ac134b070,invalid
9661fd65249b026ebea0f49927e82f0e,artist
0251f87bcdcd6cb5e975e7807c6e0d1e,td
39553825ab706778296d68629b755c71,prod
19867aca9018a825d380f2159a004984,td
0e77c0358a81d13e49543b55ce5faf5d,artist
a0b9a4445e09fd1c00a0094bd60281a6,td
ff4a636382fdd1fd1ba08940be85c1ca,artist
9a9b66d3b0e1439d8853dadcd2d84abb,td
5a1b68f74923685f25727f6743748ed6,artist
b70c7803d6c8c51259f861532d8d2765,td
3bc4d6f62796fb50fa753051aef8993e,artist
c5281938d448d8e6c4761af1f66872a7,it
d6e026f2b1b2bfc8bd9cf5c9eaf2e61c,invalid
b9887d12602f87e24516c0640692e4ca,invalid
6f00f49ebc40a0971c59c090e40f6b23,artist
c8755a5bc0657d618489080605af95a3,artist
a1bbfab11df19c08af921567eea53e2e,artist
3bc129b2b39c395b5d5fd4d5b5c6a455,developer
5cb36efb28ea20a1fb1358d1154c9893,artist
3e58bff8de26a6fff0867a9f0168581a,artist
c0940538636d9865b29e676c53aa536d,artist
c9ad0d49a1abc411527350c9347579ac,td
b7a05fd5d8c22906507d89a88f929bc4,artist
ded4008f2a31d1547d36fd136c07578e,artist
291c74bc5cbacbb612c020984db6a617,invalid
572e2146944996149796af41c3d4be62,td
0e4b2f7a83201da9a029edcf37d5b0c4,invalid
5db1799938479bd448f61ca335e0549c,prod
ed217106126bc85809b27839b56a9eba,artist
7b099a8b90309602f7a826e1fbed413e,artist
6605c11a8bb70851788cd4c33af5300a,artist
e547b24b0aa6257c2a3a63bf96d35706,td
829b5d85adae305f48fcb0ff8ed14f0d,artist
6df45aac145c7862f56d3c4a1f803ee4,invalid
62f51bac2402f03bc9ed33e7d70c4fc6,invalid
3bbcf14008486a837f739b9567050d96,artist
c40dc2f257afb8fe52d0a5a9d0d9bf11,prod
ae048fd7756fd0bfdd77aa35da0a8af2,artist
ab57d062b826fa0e9e567f7c68d90236,artist
44e3ecec689629ae527f03b443e3cd1f,td
5f0a690f14ecd0c1de5669d663a4ac46,invalid
75b2cbee965828763b994dd0db374c56,artist
c7071350271b1443500a8cab9378f648,artist
8b6eb1c6c7262b83ead89267b009f7f5,td
b6b2c4eb29e62edc672a7bc6bced3c4f,invalid
17c022dd405bd4540d4db1e6e48453a2,artist
13662039174c4afddfafc91ffd0837ef,prod
535f11c602f5cf7c271fef38629f594a,td
aed7a11afa78bfa3d214e92583e410c3,artist
5f48d8d25371c0f02d3659d92dcdc483,artist
2935218c6249f6d941ddaac700aa391d,invalid
02e694ebbd2d1dde4abff9663735873f,it
0dafcc1b50ccce9161a04278e380b8b4,artist
23caf46649cad70b5b042e2489724eb8,it
7aba7e4955550b6b25ffbd389493c5d9,invalid
9c407ab521c5955564d3686f84e36a29,artist
09c7ef88e1ebb8c124ac08c400d56f73,invalid
6385d042c52dfc4da86c8639f861d0f9,invalid
f9567495dd1659503a672acbce3f95e1,artist
723d18792120368b2ef501e856736da3,artist
51762880ca2766fdcbf557963f219cd7,artist
63c33d80a5a0d9d840d45c25d970e3eb,invalid
c0408c569672edbaf575656bceaf86d9,artist
0fe5b936e55b381cce3af8aef72c26b2,artist
cc4b1d3601cca2475415b66c6a5066e5,invalid
4e5603d838c2c783299a594e375ecd35,sup
ea94030fe35a686934f4bb5b13685450,sup
d08a187ba0655de4a7ab69aa2a8e1e4c,artist
f3127a115b99a482b12a4452d88b053d,prod
fbb6e6cc4b56ac679b9c8b34cb19f44d,it
9ccdfe1709c158b153c339889171ef1f,artist
898c6a76e9576d43c342d3614886bb7e,prod
da73f8712f8b50053b72eb90d16434f1,artist
9d7c87bed2a933b29ab489a48c163672,artist
2751c1e11f12a0be6d900a227b7671c4,artist
d1071f1d5f4929ae11c0bfa58a2fb3e1,artist
fc1afb5ed202617b52d977f581cfd04b,invalid
b93c1511c9573c56f4a75700689dce49,td
c96423364872dc233788a0af234e5941,artist
2691e0722fd66da8e0bdcb67b1ba6a87,invalid
d5c596037e1bdf633042e10f32eb54d6,artist
8dafe4fb4f92e36c21d83742e935daff,artist
24820a03b1cc07ba946ebd92bc8f8f45,artist
3215e2fbbd05320c548706f8fbb9cf20,td
2b863f1f7af15679383690d851a31ebe,artist
e9b2edae5001d80f0e896a26dd6c7cb5,td
be6c40ad6b415e91ac1e6032e67fc677,invalid
bacc14d117472eb22508d9fd07fa53a4,td
8026f83d902004b37a23b7441b773bd5,invalid
7529024c5a8625d98beecd0af8cdb1ac,artist
7fc984d29676f27c11f227ae3915a194,invalid
5fde68b88459a5fe8324eee68922814a,td
9ec82fce954e48d3fda2d15cc6c701b2,artist
d83c30e8e80ffc1861e0d8f3a67cd3d4,admin
f699c24d32053d36134b8eb94b0c4481,artist
ca6a8b9d0a4b49c48d3ab522aec30330,invalid
f130c5b1d0e7a5927aa40355b3efecbc,it
ae5ce0ea887429f77c1643705736b4d0,artist
9385b0cdb69a0fb77c4ca7eb06a827a8,artist
c6fc30b25e85391f8ce63a2774442d44,prod
eb11d1f01f4a545315dbb61194992547,invalid
ce5d3fc772b9e4b776530896350966c0,artist
3373929ab8c5f6466cbff07b64171fcf,prod
4ab6b52a6bddee1b354a1a178e61d0aa,sup
d2b0539e041310406b7b5fcd178a6f67,artist
913085ccbf14de7e750a85c50b02caf3,artist
5f207f4d2425048aaa5aefa669159204,invalid
f94b141442306e31703f3c1f53384ddc,invalid
43269ef5a7275c8c368af0ca3c0dc72f,invalid
48b5937212f4e5bca10121c73351f95d,artist
25a17ff19e9b59a837805b5230360f2a,prod
fb25fd662db2216ce620faa9ea9cc38c,td
d1271e4a2286d47ef85a92e74fdcbcdf,prod
ff2b1c3b5b226483404094bcffaa6640,invalid
69fe57551b564f2d65ec240a3f1ad159,artist
49bbf85cd513c189eb8bfeb3b4c13697,invalid
3fae0a57c5b5dece196550a7efef0722,artist
3fdc3623477264cb5d0e14f256dbfbb8,td
7b67df095d7a7e39fc3de5381004f2df,artist
2afcac4591c28d5a4b321ce241066d6d,artist
a6e2dd53c6038a0ee810fec056852e1a,td
0db52b4ea61ffc3f58b4d21c237151a1,artist
38b2e86662d05573bad73480ce780607,artist
0f32dc671a80da0d099490f17ee49edf,sup
6ec0028992d7bbe95334ff0b2b54bf90,invalid
6008900677b70e61c2a4170b2514aa5c,sup
56d2453b24865c55b5be2f927f78b374,artist
2fbfa7d57d54dc7c09314731a9f63f13,artist
61a622850361b0ad4ab2b61bdb6666dd,artist
06f9e5d225f86c3931787b8b625e5890,artist
f747d9e8966b9ce5594a9130bc2862d6,artist
4f775d63a02cc574faf647bbd083f3ac,developer
09c0fe5c6b6b75f64cb5e4e23c9f649f,td
9d1859099740c422e417503c0c632dc0,artist
e9e9f41c8c90cb6d8a1c87d38ef25e84,artist
f92329a8aa7dd51298956f42efef6853,artist
6fdf8e9676c79ad42887c456db568379,artist
1a2ae0952ed54062fc473947f8a62b2e,developer
43e32e53ea695128e167ce34bc339d06,td
c02fc5376c1dde2f65279e80ba9121e2,invalid
9b3f3e0ca580651c10bcdd8f363aef18,artist
88142082cd5a94b2ea3bf84518d5fd1a,artist
ec49e5ac2f82f4a8abd0b4be0ba93b5d,prod
7cfe41713886fa7be3e98d92fc867804,artist
e76505c43d80e6f161cbf63b9553e8d9,artist
787f76bf5a3e6c6361dbbb48244eec49,invalid
c6a4ac524385be8ea83e56e8ae307add,artist
8d0b558b71cfbff8baeb7c4ca9d2b4cf,artist
d27c9589143b57f1954d0d0ca655cda7,td
2a30d9c3d29bfcee2ef23627a97a9490,invalid
b22554d481c077e8cce89a26c2862c8a,artist
676801795e2bde1825332ccd313cdfaf,artist
c5042b06bc82aa5a16afaae9697d459a,developer
3c1e348746c47b41ad87d2af8fa89f4e,invalid
2c9d0b8830b008fb2ec35b29b8d2179c,sup
fd09821020696f57974ec355847c06a7,td
be27342ec63635dd7702064efb447b71,artist
d9f834da097c6bc08e74d7b85fdcdf71,developer
4ec0a9a3fd1810a7a1edea90c0d857f7,td
a9c28c8e7472c73dbbe70c556debbd82,artist
8ab616f33389efb0c0ad7a488cc89385,invalid
9506bfcdfa3db8ce1b30630aa0a4b145,sup
1ece6e1d31628e36bb73e0220f5fb4ae,artist
3dc0ca35dd60dab3e5259472e978d100,artist
8a1883bffcfe9c7b85e543a8a2a3582b,artist
f14e818088059b87aaf4c1d614146295,td
4105a7e4db6fd66fb42aca09f8eb346e,artist
a5b8c80294d85914741aca0d09901863,invalid
a711b79a10ee5fd231c6415d2d3e5e0d,artist
ab2abd6be0a66d6a205f49741ada3482,td
7b98b41781199c5d123493781c382bc2,invalid
c8c141efac58cd8af1bada9b663ba17e,artist
0bd560ec96598231b7183e18d05d5cb0,invalid
549ab0ffa1f32c68b9390b47933133c6,artist
2a2ca684ceded8085eec77823c031113,admin
c372b0727bae73478b95c76d614b3531,artist
1749fefbe5a447342ac7bc668c76082c,sup
7cfeef5182bc4f974a003dffe9a9bc26,artist
30d69d863dde81562ce277fbc0a3cf18,invalid
d953ccf96de90813b0e67be7d26af568,td
0b03095f0baaffbe6c2a2cc588ac4a04,artist
216147c4b94800476409877a1ba73c7c,invalid
2eb360c723bac8b2f52673274c7eb444,artist
f6bc11d3389070153bba563191aedf9e,artist
4bcfb6a4e116be61d2040c5c86bfc034,artist
814dc5ce6d99bcbbad3f4a57af2a2ea1,td
98d81f5a7e638d7e8cdd0581c00015b2,td
953153881fc1306b3369c0d119b3778a,artist
2e11301f1ad8d46d73b3a3736f7f39e8,artist
2cdf2ad3416a5da7bfd804c5dc8508c1,prod
a3ca50e25028996b843e3209ef513459,artist
edc735489b8e81c9e6954de8db5275d3,artist
3ce48a84740d3e8f4e0bcac2ba59a7fe,artist
0a989fa0eb6e9fffdea4eedd70a558f1,prod
aa0334c03a7e788143e41935acfe7115,prod
52c8458d7ec9e222dc30dfe7e537552e,prod
9637db2a01d504c53b90b76f257f5a9e,artist
072296f81bb53bd4906b1d4b7978c01c,artist
697b08fc3d2a081343b3aef1882b40cc,artist
7020c966920b65de9fbb1ec2ed21d7cb,artist
5f55f3f49638bb8931389ef811320d0f,artist
a2244ba21de2bf70b537bb082d4d23a7,artist
8a8e3a7f9e49f5c489b178b1023fb737,invalid
e3ed04f8ae96d38cec67fa113436bf74,artist
cb15c6a903fa925cd4b5ecc24ebdc4a0,prod
f25dbfc42ae9ab870d93df4122f6ffc3,invalid
b20c11892ce5995269d066e974b8d584,artist
baab68311191312a7461c2ad94ffd8e8,invalid
a08e367576cc5b985b9ebd97cb734bcd,prod
29df5370442a2ee0ec17bb0bef13bc04,artist
a425c3a0933067dbe64dfa64551c8e65,artist
846ec665777093f3a202d00f623aba83,prod
1bcc4de5fd12edecc0c7167382e492cc,invalid
a5dd6e469c6689e456510e32b443f9dc,invalid
85832442aecd93db5f0a662fc7d9e11f,artist
8c78cc015531e738d84c29e84a67344e,artist
8bc990bd590f15e52e6e452e27362d88,artist
dcb18660d7e2252b5622f01d6d2fcca0,td
735628a2dd14c3c1fe2c8feecb39a3c8,prod
9d63f80db9a762e37367e3ec075930e1,artist
1064cdf3d7f33d1695940f5baf4e7584,invalid
bba601aeb22272c57e1dffc237dc552c,sup
edaaf9cdc0971afb0ae8e0d0622e72f6,prod
3a6ea2be5a416928654853034c480b81,invalid
0e62a268e1da6fd1a340bcfd71495012,artist
dfb4ee410a0eb7f381964bea655c440d,artist
9a4e1ee2d6eb1228c05395a62a4a657f,td
ec2e2040b34df2b4ac6b703e94b1712b,artist
d54cd08cb4980bfea9552583d35bbcb6,artist
2c41c9333bb2ec1e920f34a36b1e6267,artist
ad3ac3d0cd035c1fdf54392e3d6ee0c9,artist
4a4b2be2db80dc5796427b82702482c2,invalid
8f9f41eba44325318f9e7e3ebfec6946,artist
f66fee590739ba26b5956c96b2755823,artist
343bc7a45d1fb857d3aa5cdbb3f352f8,artist
feb13126fd4378067afe847ea5e85874,invalid
1f72164bd8408424a275119c68ea05b1,artist
ede320910dfab73ba2504c041f28acd1,td
db6894ea62721f67104593d5512c3e42,artist
5b8da1caf8ce163f10523dea3c70e420,artist
44b8c5bfa9b4763267c768436ca7bd7d,invalid
9b27d03c9c42981fccfd4836552d1810,artist
1687a5fdb972d906b29f22d6e4036e4b,artist
3e27adca32700cd7314eb26ee82623aa,artist
98ed68a067d118b397da3768c5170ce9,prod
1072398e42476c958fe1ba992a6c5762,prod
8cd3e542cc402d067a6c3d39f1b98c08,artist
b1f1c4bb7ed46de1a74408c18fded539,artist
e755fb01ffbec8c6894589058bb267e3,sup
3fda3f6f0aa929841f22980497a7b353,invalid
e4f12a2a0c84afdde5a2007602b1e852,sup
097937e8fe1983b037d5ffb4a0aaac10,prod
7fc763d28e4dd431a2564ce4e07a8b94,invalid
32ae03248aefe401b1397b1943417091,artist
ae42cd30d30b6cb67b7c64cdd5df7abb,artist
efb86b3a308f01a8f6d5a73680e09256,invalid
90d46c296a8386a509d321eb6b959da5,invalid
49859d85fcf4fc45f8bebb9a2303b1df,artist
8ae1b7947968eb9cec6a3aca1f788aa7,sup
e56400ce6148e0a6a3aa053ee877c446,invalid
84ee39a3419f2158bfccc2fe5065aac5,artist
ceb2de82aa813554d55ff8497a32ee72,prod
fd3796d3864d64d58fd6312e72abb497,artist
8cb6a3271c58bc52081f4de17a795ec6,artist
bd0cb127fa351065167dc433802fd9e5,invalid
347b3b21819bdeb9372c7553a5a1faaa,artist
284629011b93e0319d6727477bf10fc7,pmo
c95cbd50a8214066edc808dc62bbdb3c,artist
08f20cebfccff4a99f7c5f00d434ef0e,td
249b0edd380b4970d2138dbec161e1a5,artist
49c02e78475817274db2e824fcde5093,td
1a71dd0bcbbf2fcf25cf52e12e26bf70,artist
2f03a11f435bd4bda12ef425bb6ed6b8,artist
d64c53fa6e96bd08851f037f957166d5,artist
fc82922ff17c4f6ae8b525ac53f1d9b5,artist
67b4fd823b005369bb6f5b55a7527d16,invalid
0632b4fbd4795a86f27cd94af41e6986,sup
36c4d48ee01cab9c5c1d59e1e314236b,prod
4cc9c89ae0353fdeff77e3336bc73cf5,prod
7c326986426603d7fefe51482ee59084,artist
7bd273ad2760158f60a6aa2e0293c172,prod
ebecf6214036efa538c1aaccf674e855,invalid
de397e3a52a0f377241856f4d9a2923a,invalid
0c972cf1a7ed9e7d7a95b1d6f4a90d5b,artist
38308e1572cba1ccab170a5277ef2a14,invalid
bc953ffa6454327b1db12da263074f9d,invalid
573f92ffcda471a8e5746da85deee1de,prod
54db3b680aa4950320bc3758778fba1b,admin
d196a5c898a27a33a4a9a479b8ac704f,prod
87fe260213f985f705867ba21c9c2481,prod
85e9c914a533b28e877d9d909b08c547,sup
311009919e3a1842c7d6a369d2fbd403,prod
2485736e198aa14c402d03cb0bb409cc,prod
a311f9271becd23fd412fe090f791f64,invalid
11c133e987f3f6b56adefa88f0ab6d29,sup
c4fcba3f3407272fe1cf463c3029bb13,artist
0a5a09d714e4548a3163bd35deaa719f,invalid
6989a1e4b4fc9a2020976c4a7868653e,artist
39e7b3d9c35811b63e6fb9f26eca4338,prod
355a53803eb986348f395160e4e40d4a,prod
f7ac71d5c38244e3f68f426cfda46167,td
7ca69f8062c89061d861b1b7e20b7bdc,artist
ffb51aada431bec3385803f7d56b8090,artist
c7a23d066b59b79452ea2b0492a44f35,artist
ad4c6ef2e354148c6b4f016f5f9503c1,td
077f551a03c115518ae572112194da95,artist
a87104112955f1615c777a5cfc0ab06b,invalid
0fcc6dd19e8eb968cfdb0f3d65c6fd2a,artist
39f366d587c679921d56cf74b7f639de,artist
184f59be83a99b9d0ae0483de0ebdd48,prod
3f85f188a71b745a89806eec337d34ea,invalid
edc2ba934643a4bc74e172d79f9f9438,artist
a9c5cb52bad0d13ae0669b305137725b,artist
7700402bc693934b43b3e309480a8e6a,artist
1130debf958916fb14efbb37cc2b030e,td
3a8bb2ea1baf559de75428c8e898dd28,artist
021696b85be1ebf8c25f117519ef17e7,prod
0e26cb2272a039aed40f4683abbad7b2,developer
88ea1a793c71efdcda4fe58243d58c21,prod
bc8dcb25ca942dc73d470fe28067153f,artist
d4b5b3986c770e4c8c67ce14b85f9a9d,invalid
b5d5ebc6ba9777608ff495750e384e03,artist
5426f397b247e77613dd30c7388d709d,artist
305c3b9a00b521574b0040f03b0ea91f,artist
f1e466fb891e80241064f8ced524f585,artist
49dd0c768c1c6c99883a080adbba7146,invalid
2b664a1119539e440a1448d635df9c97,invalid
b9eef124f0f1d05b9fe586feb92e2d0c,invalid
08e39315e3dea83c387af90b2ba8e04a,prod
88607db8ca20f6dc41a95071d52335dd,sup
36279a0ed502cbfaff83d8e19e01d627,artist
5efdffa2d769eeff35ed1ee08c6e3746,artist
0edc4efb45bf084370bad4680ee55aaf,artist
33c201a422a7dd4d30d1dec8a6e8f4b1,invalid
d01694681a6ca01741d70d53086fc0d0,artist
d5f3f59870bc7130282b4f6d2be86215,invalid
d22e5fd6da22453539f0e0408bb27d0a,invalid
5b7e1f4f09209e40d112a0114bad5e0d,prod
3408ffd19d093a08f5f65aa047fab93f,invalid
070d743a6341aa6863a81d196b1304b7,artist
8906f81ae8ddbb546d72c1667fc1e6ea,artist
c34b2ecc24e0f948a5e99a3c94403e29,artist
10c69ca3ef2f9d032a94389849c4a88b,artist
ae0d2fbb2b3748806c8692c61cd11379,invalid
46ecbec5ec7951ce102670dbd0b2def5,artist
57afd6a725e0614648c117084893bfb2,artist
af62541e47d45ee8cad8a246925d0925,td
25cdeef1c61f9402fec4fd911a511389,artist
b61ec8905631f49e0efe4117ca927f92,td
41860d19e09a30b296b9b8eff350279e,td
b876b8f17848eabca42c3accf1a600f3,invalid
c7a82f65d5048bce9fcc5305375e5a46,artist
0b688d5ceacb502bb91ea5f16cf88551,artist
d49526ab3cf3f58a8cf751ea76d6201b,td
1c79a245d23950f49a02695de053356a,artist
c8c0a927a217e00a491badafe7de3b07,artist
f51900f19081e44b9b3a3251bf90fb1b,admin
a48c50f6b5dfd6c5cbc3f827372ff620,prod
00f70c58aea6d3dd9449e66914698843,sup
9b26c05e466c473badb02689cd853c45,artist
543a902df503ade041c35eef443f1fd6,artist
d65cedb3a195bae144021718df082761,invalid
59bdcd5b5c6443e5ac1d0bd22b6e2f50,prod
f3c2cccfaa428fc8ffce3f9550031f33,artist
eea874786957f0c9d1ebbb9ae5ab89c9,prod
e200b2e8c7f8570ffbcbcf01a132661b,invalid
970ef814ed140dfb26dffce6516dd28f,artist
052b3ff05b93ad1c8d83682ac1562158,invalid
dbe7f5ef6d1765bf5839f9bafcd2c5b7,prod
dd1d89478cd941871fa621cad8d8aa9e,artist
4be442776e01dfc0437888e77099cee6,td
010d9417c18c3061e4de7d21db7405dd,artist
d8806d7cf4b57aef363e2b3d7aad775d,artist
01996f0a696cacbafa5915313fe48c52,artist
dd25c7904c16cf3367e2c9e8838f50b7,artist
a4eacd453ea76fc3ff8ccb829f077a99,td
20b65e362354e47505c145afb844d691,artist
dfae6aa464ef7be3509d40dfe457d85c,artist
1108032cf3f03d7240741bde4a89f8fe,artist
eb780af136b28a516728219046b0573b,td
6805d1a390adfc02d37781b47c0cda7e,artist
5b2fd7b35813abcf6ad0547359ff9f47,artist
22354f06fc61c03a635d9b3deb4061c3,sup
62ead457580554e8c37c82ed3a35f458,artist
0625c8fe6071ecdc453c9544364c84df,artist
c5e3539121c4944f2bbe097b425ee774,artist
6d3dd039ce1993a75d8c684b3e8a693b,td
e1b4cc28eb15c6e4d6777d6e2c5ab757,sup
3485c7b0be8bfe136d8f4cccc787d262,artist
13c6cf272b6dc642b9712d5dfccc2e42,artist
45ba4deb22983f41d0ef622947494ea1,invalid
027c91f633ccc36ceb73bc3f21433533,artist
9f186088828e5c10e52626361873d1a5,artist
fc2b6b803e14c0d0ed0697d4a53f502f,artist
0db69847be9b4a26b8dbda4804b5458e,artist
bbd4258f6273ad66a2946316d8de851b,invalid
d539707009ed57d31f53015f062db181,invalid
43e9836824a5289bd88482dfb557aedf,invalid
35a297e89d24838936d72f9d43edd0cd,artist
632236a5aa13d14ad16272a25a0eb985,prod
e379fa252797f6c955bf3a706790a9b7,artist
3d6fc971f1f347d0fd9c93d4f12dbbd5,artist
0bbb67b7bbdac2208d247bbb3a6bd38c,artist
a4f70a51c8410972b98f6341994ab56d,sup
781d54547ea0d70c5e9a5bef535ab290,artist
0962d30ec397c1bf1c11c6abcb9b7e13,invalid
e2675ed913f0a5a7dbf429fb9cd2a8df,artist
cdb60f1a13a8795496909fe2b38fb055,it
44b8babda6b396c8dd3e8eddf6828b92,artist
0d887ed00171e7be5c9da0130c82ef4a,artist
3f8505b27fae278a71b3bbb150ce16a6,invalid
6991a2a741e40bf6f49c79772b95a5d5,artist
99e263c6af0634c6db3a6d4b255665fe,artist
dbfc955ca4c12722f2a1332b0d430ecd,artist
331dae930d443d7223ee241b83a17194,invalid
588739443626a67678fdf1b02245dea6,artist
4c17a6da69c41ec614ce9d4bd85a1a0c,artist
c8d97c2b9ef4be0e2061aa677408c37c,invalid
fe7166b2c56d4b7ce2e58427a852664f,invalid
d61937d7b451e3068646ded621ac10fd,invalid
14b3d5a61086ac96cde0f3c1b15c15fe,artist
99a5029f766b0479eca23913b5150bcd,artist
742fb99a79ba5e269a6cc39b2f3e1606,artist
e85945258185feb0e15c16ecccdc9fed,artist
9a736fe9d0b4e2c02aa42db7f7bd8e0a,prod
6fd3c78370bb00ebfdc9b5771339d0af,artist
d52cefd99fc12f485d2f2c090866530d,sup
6851c9bc523127ef292f4214c1a94cab,artist
c82539cc1d289bcc03f0968c7b9b27ad,artist
0a683c77088e1773d4d290c441523aa6,artist
ce86d7d02a229acfaca4b63f01a1171b,invalid
17049b8c3dc59c81ace0be80b9a556b7,td
9a6800da1729ef7c9c1df5ab47d06770,artist
c37f3ee858cd54431833ecb4ea87a3b0,artist
3ea51325231bfc23fd2949f38b02d613,sup
2a4ebb6922e593058e8b31eb9db68ad0,artist
fa385e564835aaf677ac56dea352e905,prod
0663b1086b092922a2ec669a78bce943,artist
e2312228cd61ed3de5bcc1950977f240,sup
fa016e6d562b80c6d7adb21f8d7e80c6,sup
59eaf882bf4efb7801dc0caf9e4c8e2a,artist
04925745163420ac495af236bcb80b91,artist
fe3df71bd0d0b85f9c037b8f0d60b8b5,invalid
0506dc116835f12dd3e11c4391b8d933,sup
e5d2baeec205baccb68e62226f1392e0,sup
9a7168fa22e527aa116579bd4e39f36e,artist
b2ba5c64a7cee746d905f7e4d5f86b1b,artist
4326e974632301ae4072e3545b40e602,artist
67497208fc087553cdadcea5043020db,invalid
b2aede7a95ba4d43dd9247a4a9540fb4,invalid
d33775654963516045875c5fa105347d,artist
726c77678c2aa3c08ac07810e01039d7,invalid
750c1a13900a4e310977a665cece4d88,artist
7ff73df94fae127bbe68a2308c49ec9f,sup
6cb16430fca75b7013ead3b946cecc58,artist
39a18d28cc35066115fb102752c5033c,prod
14d1635620a21c2c9abe16ad9c4a75a7,td
5d6679cc17f9c057b9187b69d381e473,artist
21f911758eda9be0f0a1fcd1bb0cadef,invalid
6141f96c4f98764423d63ba3e7c870ed,artist
658731f6183ced3d94da9c756591af98,invalid
ed608abec0705caccd981ba61c628462,artist
05286ac3eca44850c33fbae272ff59c0,invalid
323efdd21c5ce92f0dcbaf664abf8092,artist
dddbfd0bb42dcada705696608ebb1f5c,td
2b80ec7c5ceb8584229bcb4f95b8aaac,artist
216eb68a966c6cc366097b1409d7db94,invalid
0ecf87ea45e9b605c495c17e21bbf182,prod
bb082c65b03de8a8244a6a99e6c52e7a,artist
706812b34b2906a0cdf898a5b304ad85,td
37b9e540503761d6565ab952583f6f19,artist
b8fc21354e48d8363bfa2747b556735a,prod
695d2123d463732c9937be2ad6073732,artist
375b975bbd0cb99642fa772132b0dc23,prod
a67d4300a2a98b38b514fb185d4982a6,artist
128fbe5aac45f1c9db14d60b7920aa2a,artist
0e0d0caea7134c3b68dcddaad5cc76da,prod
563fad4d8604ab2f515dc9feee0097d7,artist
9a69ae4cca862f82dee38236c36b2b0e,invalid
571163a3f76efb73cd125ef35b44ea4d,artist
301f319fcd03a59d6160b013362ea155,invalid
6f0d9ea4db572e2d1dce7eff507e856f,artist
c3b01e4186164f46ef98f733335e4555,artist
e24cae12265d53062b62da971f24af85,artist
76c00f9164ced3d28102756ed1d56311,artist
f0c5bd811683009c18dc2aa4e91ea70e,td
a5be67e61d6593db19705bb7c90c2ae3,td
da3a6a301759caea4621c37397b5de6f,td
f4a1dd903588e6309d4b9c0e2c04322e,artist
5b9b026ba2221ea91305b59cefa8a3b7,artist
a13031433561312257b14fceb90be924,invalid
f5f5fa6f28a8fd5c14c0834064139982,invalid
d3f475fa033d2753745dd6ec091623fe,td
559055ab3035204d99259b5fb719717e,invalid
9a54a3548783e3927cbbf52996285f0f,invalid
c50bfdc84d50fb124be78dce87ff95a9,invalid
d31b5e107aad913f679e172f9a9a8a03,artist
43515388ae25b589c467f5bbf16d760f,artist
e8a52ad0e50e7cfd9d66d1fe6ceba0d6,td
d25e148381640e678a005bc93bf72fe0,invalid
d7b696f9eefb951f21a80a8e90a17ee9,prod
486204cf11e28511fb4482efaffedd90,invalid
16383da1786bad9ee106b6b1bc9d32fc,artist
b87faec765f296219ec90feea549c010,invalid
bc7bdfaf11bbf03f4e83d159a66d545b,prod
672abef2be3148c9aa524a0c9450af48,artist
e1f4d082723045d3dddebd51bdf4372b,artist
2dd02f7850ca157fa9250422c509b212,artist
a5d3c6e1baca05a94866d03ecfe14e48,td
dceaee73c075c9d59a2bb282de4b672d,artist
a08f68c3d3a5bae4432b477a5f733221,artist
f7a6c5d93569f1a2b8c7fca1c8c3682b,invalid
87b780037965dda629aef2bb6ff3d61e,developer
a15f0241fc8976bc7781e07bf5ee8d9a,artist
5533fe2619968e1e34c4bd61bbebbdc5,artist
0b343a2d1f8b71ce4d837385a663e9ad,invalid
06a2a27613ed3bb59e3050039ae46136,artist
0e17b3dd08b250adecf294dfa7a836f5,sup
b3ce89c65162ca1a7330f1ae2b676859,artist
bfa998d5409ee71d3b121cbcc7bba76d,artist
aec0a101209a3d2301c6354067b1d6f3,artist
a15ae5a04905da60a8fcdc16b0a148d0,artist
30ecc3f5ed20d022ef1815ddc0a14f8d,invalid
b2fa91648c1af4e4f6ca2036518d0c5e,it
fd08a136e99fb99a90b6fd7a81049c95,artist
667bdf969db2bb0d391db847018d4f2e,artist
a09cce76cc2a6ca58acdf1bc63a4d8a4,artist
1761c93a546224dfcf10ff5a185edc16,td
80038702ed121d20da288f6abac9e862,invalid
1e8de9460cc3ff8c947f9232dccd1601,prod
4c169d7dda51e20c454866a182e52308,prod
3d2987663b07fe9130bf4714c41a58e7,prod
c2af775c6d63916b9a547168831b15f0,td
2a86bf76a6e01a24f9c98012e951e573,invalid
0375133db8f4ad6ad3e2bef5a1d617e5,invalid
803c5dd542beb3ad5907f8832757b4da,artist
bf928f68846f691b756be33bf996e4fe,artist
918270c319e683932bff5b2ba3c6d113,artist
24ccf62df0e5d8b9b77b34adcd73b96b,td
fc667f7e448522c15e9ea3c0d751dbf4,artist
a7cc11decf703bbefa04be14514e469e,td
59010a670543917fb32d78f7a6f46f5e,artist
83bfdd676ccab2dc65af085244042943,invalid
050a97f95fe07486c2b14b98fdb474e3,invalid
e04e9b5d377959b9e09daedbfd860e8a,invalid
d94a358adbf5551b79b3773b781afc38,invalid
372944c6ee5f1209ce44705d1974dd4f,td
bcfb2f23915ebe1f27824f5a52464eaa,invalid
3ada3aa8c1475459a4f5e532436eded5,artist
ab394168a1549a8efb355f8ab78fc6fb,invalid
b01aa976dae929036d5069b63a69b414,artist
bd8fe2cfe193ab507dbc4a2aecca0599,invalid
bddf40937456365ec0341985213753b3,invalid
26e07d65c46604f051bf6b09bf1f1213,artist
21d91aa6bb9d81223b5489a2d556f952,td
2647eb8d55221b9a5f8185e29bb0ca95,invalid
505b8314d800310b5dac9cf5994a503a,artist
a147d2f8c9364eda14b7d1b1e4698c03,invalid
ed5b6f06b1a8530562f2b804f40a3f77,artist
304a0334da6da2a99226530a33e8e043,developer
753f7175815496a863a707dd194e8d73,artist
3d427ba7317df6cf795c56825f8891d4,artist
72208ad97718044e75f992bb3ba8e96d,artist
71094fc0156c68872dbf2b1bae4afc84,artist
cd4b1dfcdd6f2abf4f615d8228c1a3ee,td
d93ea60aca3e8b1ad0abf82109c6d60a,artist
3d74d09f98b12fa6327c750e61b9f5d7,artist
c73d87fd9ab77b82b0eea2698839e882,invalid
4055e89f0c9cbd6e1063c11f93464eb4,invalid
cffcd8bc8f9269101fa5dc18b877439d,artist
84e0636efbdc491553d9ecc3584536a1,developer
635d02089ff80dcd950688f42365c792,invalid
f344129f543e46774c730b3d90643f37,invalid
ba095d6b115031cf9e5eabb3fe2779d3,artist
52212684ec354595b5b27dbd3f13da07,artist
633c4e1a99db90b7c593915d222c0440,sup
20ae00a12db8725661c005fdd7d45b8a,artist
e5549e5afccd10d9bfa395b2ac841c00,artist
cccb3ee836d260142e779679d1c02073,sup
a3e7aee72de2b60afaaeb4e3a2d3de4c,prod
2b254e6c3fb8d8a5eaca89a416d929cb,artist
070a927ff4c41b383800d948cccd6101,td
7f3d651e1733cd9346a376baa71c6cb4,sup
cfbcc53bef7225d1193e42296976b3c2,artist
d2fc8e95cbec1a80cac74623538f00e0,artist
ebbdeeaed12fd41aed2d506138c649db,td
72db64f6f4298af089b237efab0ed158,prod
831037fd6792b41b40e3c8c09281977d,invalid
dbc4758bc4fc0cbb85cd2c19dfd75e4e,td
df598faa37c262d0e474c1b26a8c1815,artist
a6633f54e4a6462356b2841dcc8879c7,prod
84321d7bb1f14cc541c7d09457d3451f,artist
ba99013e412eb8926db460eb317ec361,artist
cd31592edfdf9bc732d4ac4e3e7c07d1,invalid
a914da4375a03972e9380147da7e05fc,artist
587c8d2a43ec581df67365aac7ed819f,invalid
2f16e1fa240b7385b9f671a3144fbada,artist
028b00e8390c4386d692b4400294eedf,artist
61e72764c08f6c99bf7d683c219ec527,developer
9d8e640008cd2ce6e10896504c79f1f1,artist
b160b1c0aeaef1460b05f01e90ef0bad,it
78061f40eb7e67a45f1a6d0908b201ea,invalid
e66f52cc65ea92bc266403298667204b,invalid
77b8bda58a059dc6c708db8ccd7d79ee,artist
3b1852b8df6b8a8b45cae72e4e98c479,artist
d86ac68e43cef05cbf36cd74ecd40d9f,artist
b7d256cf022f1527f57889b2874a054f,artist
105eb6a7d6cc0c9066c91708a8482ea5,artist
49cac7f974000311be25581e8cb61947,td
b92cd5e214723e1b6a04e6f69bb08163,prod
d6a55d19745930bd0111e5fd56a643a9,invalid
3193de00a2b396d3bef31a8125474e1c,artist
04549f6481fc376c1f0f662562a2a9a5,artist
88c5cfddcde6704d39cb215e13237314,sup
d7f5e0e169ae85234961b74e9a8d5091,artist
df2e2edde27d4b78e20eaf06361fbccd,artist
6bda87542d4c6430ebb12bb7086cc2f2,artist
094edd5208c8d21c037ce12d4015ab1c,sup
81d613b1bd527966d68e1f92af87df81,artist
e647d95d2301c8ed28fb35ba4b9c9614,invalid
1b4a38f0adcbc4aaee55def1f6733223,artist
32fe03b7b574d80257aa6da11191ee0e,prod
85362d920a4e136f424a0b831e02b2bc,artist
783738016249a02d808c5a905ba0a0d5,invalid
295299b687749528c9a9e551d11e17ea,artist
f3eb3f7ade0f3b2ad118fdb8096bb54c,sup
b9108e80f3427c175e669093d2d7626d,artist
b36a4340ee95cf099cbb948a25870b8d,artist
8c5a13ccfda14f5a1b18530746eae0f5,artist
09b8bc461282672bf3dd1228f9fd8901,artist
50540dabf23fcfceaa57b886de13f931,td
3057ecccc486f30d83fa7aee1da90942,artist
4e1d78e1a3092d803859705c0a2cf70c,artist
0d5542f5b5cf0d5bd11933026352467f,invalid
23e42325d82b3051057378eacd3ac1ac,developer
e36cbdec3ae622d1a5700fd357300d34,td
16161ae6b005140db795fea5b54a8a77,artist
6573716fe075732fd0e8c5b024e8d752,td
3f67c64c0af46ec03496ba8a47e6d951,artist
7ed1c9a8f118d6815b6bc0faf47f9092,artist
3d0b5f3133c27ae180c23f00dacb97f7,artist
12f837c7d4fa499d7fe00988d27d6e07,artist
83f53bd63993fa09eeb335ebc1b68485,artist
b1f97e1a79ce2d4f3f838ff5bd93ef52,artist
9dae9808a33de4e057caa471cda7f6d6,artist
7a034cab7f2b65d4f1001697b96421d7,artist
6d01ec48e76977375855f4a642e2a71b,artist
d920d334ca6b097826ca5edb02856465,artist
d54bec109fc1c2e270c207cef94addda,artist
ac5a6843110a916f0f39ca5ac2147947,invalid
da819c4354bda60065199725e6f48328,artist
38aa820f8e6e529f69d1389835ba619c,artist
46c58872c03b99c0176ea35136ea2b2e,sup
156026b915cc509747f78f749fdd0005,artist
6c2bbef5d4e6bbcb2ab6aca979ad0c40,td
92a9759b7011169ff3f68b82a3d33e56,td
d2479f1cdfb2e819f7f746a0f4ec8408,artist
7cef47bc71eb49dac7faa6fd7f4e6508,artist
2ade5c8c8321845ed25992a6788ad08c,invalid
6874c15b64637758c20fce879a77576b,artist
d1818e4bc34f952d70bf86e9b5e06503,artist
f16bbd11f5dc3689d26297b6d260d417,artist
8207c19e431eab450514340caf88c6b1,artist
3bc312983290a6704b1ef01b6ab0a892,artist
4c8b58b316b81739353581e452b255ad,td
f0bc42cff534e50e44ba07fdf10182bc,invalid
725aa19c57c922f0f1d2308c549f6eb5,td
8fbfe950739afcfc76b3a0ed044444f1,invalid
25b72da61bc611c71f0bb84a89f164fe,artist
ecf0fd378a83ea31ab6e26254f73401e,invalid
927b561fce26a85a2f83fd81893c944e,invalid
edc8dc88c6b2cc06ea3df90560feddf0,artist
d6ef7b25fb3f98efa3eaa28d8a4249c4,prod
8aac7c1a40cbc99c08d2cc734181e9aa,artist
ecdd2cd10bb9bf060b65e47b6050f346,artist
ccb42ffe27e40e6893ed239b7de92d9e,invalid
013acd1fac97d809fe618519f3e5d0dd,artist
27b7e4f22c72cc29193ed84a09d8ff58,td
f325b073a22fa8459d382473b794aadd,td
e133b79c1074402c3c9f35e78dd2b9b0,artist
3cd0d23210f367238ef051a032eb3aaf,invalid
08f11f1d4d2134e6bfd7787a63ee8c98,artist
b71c58297d396afd4f41f032be148945,artist
5b3dc73d0591790212e81df0c5a5842f,artist
45311796815facdf6a46c769297f96a5,artist
3098dfa147005909c9a22d56657e9dde,artist
1002fe609d8b3668017550afe440abaa,invalid
290b21cbd20559d2c2aeba5914c2e1c5,artist
f79db691126084285508c9b7a31d3b2f,artist
e358bf645a205cf15efa983b5517d945,invalid
1efd6ca266517597ddc8dc836458389d,artist
c21bfce34d24e17759675f8c3c9be781,it
1bcbd5179b7d978cf71c6031152c3fe5,artist
b8186fd79ccc49698da762b1553b9cc6,prod
2deaf7dadd8ce29e3444203ec9acd78d,invalid
68b512f5fb495d3eafbf31f866130abe,sup
7e90f458a4d76196d2399bcb12a2f0c3,td
3642b532b85077e39b826e17d350ef68,invalid
9f3435667faf055c2a5cd304d4b28f2b,artist
0658b06ee56f511cf8d623f6901addee,artist
046faaf0346d1c7a52fdeeb3a8905684,artist
2fed7174976bfa7d831d1579b24aac5b,artist
d1edab8a18e9c1fbc9e66c99e7ef1e88,artist
0870643b28426be1968706e14e547236,artist
b6edab66902d8d7cb73a06be0f342319,invalid
5c3753857f51d004c06a924934ef983c,invalid
12c8420fffb2a69ac06d8dad44b1da27,pmo
44284fd5739b328400ecfb968e1cb579,artist
4a9b23c15fa302d25e6c5fe16968d3c0,sup
bb80b7c78cbc7101c375ab38d63a2b07,artist
0383b49ae14aae8f0193527436268bab,artist
94fadf5ca8d3ca903a028cfe40dfcaf8,td
967495d9cbb6032b63e87ebe252bdb56,sup
2bffacc77210aa8dea736a7115f43ce3,artist
36988902a854cb8ba10ff5fccc51f152,sup
e8ac347dba1379708b6366bbc4cf72ee,artist
cd2937c8525a098c2739f84815009d76,td
87dfd60fc08d87b6858e55f58752c7a1,artist
04a74b841d9dd52bdf0809e95537f794,invalid
5590132afff86141f047f63e728122c1,invalid
a504fc3f21c8942033d067440fa0e28d,artist
45efd186293feeb40f1ae1303a95c0a7,invalid
24f145275090f5ca8a2656707d4b6984,artist
7b74855137fdad205924dd8ce4ff98d1,artist
e95dafe7231707ebe28f6aeef49153c7,artist
e4e896ae422b6f54b1b0e9767c277e8a,artist
fd0986216a766137b6b164effd1205d3,invalid
7294609f539f5891f1fa28e3d510f040,developer
739505c94a4cf9dcc61c89f9eab1254d,artist
1951f30597d8b07b7536ffbc32811ccf,artist
5ecd403011b423ecc3f4adfb48786b2e,invalid
c5f736694ded253ee266e157d07effac,artist
2d87e3746d8db42aa7df53b96aba93a7,invalid
401ebbdfb1c9573ea8a8f23908b50a64,td
0bae1816f29563758f6e02a95790b0a2,td
a05e7ea8e1310988281d2d73d0add702,td
4b480b4a405057a4ec6309f815c4f81a,td
22a514834004d15c8c4687fd6c984051,invalid
4a8eb3b1d7dc167ab9fbd481da91e9c8,artist
b0b9f3b23ac7e686522e84e0994330e9,invalid
1bddeade6ff76f8e8b6fc6efb8d4fe3a,artist
e987cbd5558ea913661d9fb4137ef3cc,artist
a343516743d4f479653c2d8930082b0e,developer
0e9093aa9356455219f9e38555f42252,invalid
69e974b9db67beb9f5c8385797d5c580,invalid
9dbf2f4ac7fb279f80db5ff913ca1752,artist
40fa49cf86ac59f357ba6a5f4df606aa,invalid
2c2a92466cc39312464bef811232889f,invalid
06a035704c1f914cfbee1d6272ef2966,artist
63a9f0ea7bb98050796b649e85481845,invalid
8ff2ad0233102c5c73e1520aa2e06ab7,artist
d9c5bdf1c9ba740fbc63d1bdd225e3ab,artist
d852fe18e8ec37919ee0ab23b15e0cb6,td
8851d2966e0a04df18c8aeb9632321e3,invalid
da193b8c8fdde653fe24c5bdbbc135d1,artist
d13e7ffbbb667c7213c11ac36c3b88fc,artist
4c37b5c334e65b9e4a956575a95ccb71,invalid
84d43b4f6e0a1d6dfc7613415a3d3f8e,artist
c6765500edb9f33028f4ae9f185f2f35,invalid
ab8ec9c1696bc88809014b4b66f9ca0f,td
994f331a828d13c38cccdb5d116b7693,it
46e565d51ec5017ad89bc1bbe355a73d,invalid
cfdd5cfd37960551bf5c5fa9f80566c0,artist
0161f8bd84b1be80d6f27a129eee6011,artist
1c4177fb86cdc4fc121b5055713db8ad,artist
f053b6911b5a5dfc7e75b22717774062,invalid
c482ed5d1fd35c4e13bc94c9b9de5935,invalid
0a181dde09d3de3b2981e7057ffcc737,invalid
6c5f56642a59f3b150ec587826687e30,artist
775717ec6b8683b045bf67a620929801,artist
ee3ebc9b53dc9e8265ee8307dac3973f,artist
7e9d41232bf94d87add7c165d1ba2b9b,artist
de14258bada040f4dc27c80fec21d18e,artist
a6ab647d8cd4bc919f7e87e368e00614,artist
bf2ec84ec0062c9be972bc43a7ad4d96,invalid
3bbf4de98bd786674531532159ca5ea2,artist
b1553819c07b0d4f82aab7895641d66c,artist
d47fefe3aab1ccb52994085c6f4ed35a,prod
75fdc28173f53ba1ea3dc2b28c2150d7,artist
635ae88f1348944c13100d81c0e913b1,invalid
4a7a8941c6c1f8631e60f77b9068fb05,invalid
c80133424340660b615e2f129641dd92,artist
cad7c7a47ea0d67d6921864008d01f51,it
8729d293a70ba256044349c34fadf76f,prod
d821ff14fcbfdc71aa5a83e177d5c449,artist
d8a1e18f52c14b55959923b9e7a78b16,artist
cbbe9bad19a5abefebecf59fbd9ba805,artist
33762378c5277afd8078297a8e2d1a68,artist
d3b49d8ee436dc2d239ad3d73a97e89e,invalid
a5693a200235ff59a7b3a0785f6124fc,invalid
93968ebbbf8abb0fcd567b3a72e447d4,artist
30876dc8abd7d7b07141a9b2b0b2be92,invalid
88b8bd89d8548c15478078df8b0e73b1,artist
739b019eff0825bcf4f95b78f3f4c1ea,artist
7bf593d439bc0bdee497598a73c7ded2,artist
8ca47a58e6e28e37c07b967ebbf8970f,artist
e8f3098686f61c52b72ac81d0f31a9d7,artist
eb694a28c3b6ec3a1bf52ed4bf7294cc,artist
e07f07cb923dd49031e9058a5b344c08,artist
2bf9723935d33d7bba97edfe02597f8f,prod
8645bebfd70e0725bb66a4e0f8347035,artist
de9564a54c6e31fec3e0d4cc465eeea8,prod
91872a64fc97ab79e6eedb2210fafd51,invalid
e9d4ea49eb2dd7d7f6fbdeee81231ebe,invalid
3537802967c8e99739f950192ba88b5c,artist
d8bd6b8e0e53946d45327d0e4bc5113c,artist
9e9d7a08e048e9d604b79460b54969c3,td
b30e6d08cefd944ca45edc61dc98191e,prod
9447fc85c3d009aa7629f48407b89169,artist
9c21d20a856d4dda3a3b60b77e062fe0,artist
65fb5984e30246e25e3029717b64f4e0,prod
6eee94821cc65f32cc41d6994078bf3f,prod
18e95240682cf391057025a4d7f4866b,prod
9eb2ef9cddf9f887810abea22b3754cb,prod
2b06784993155f24b04e8fc223cd00d3,invalid
831f74cad7cbcb0f7b5e3ca409f93b4a,artist
6b32fa76af06b8e6fb2296ad6d2bb276,prod
feedd6f3f27539fa96989cb3b13727f1,artist
21f63c6e971cd913a9c147e8652ca659,artist
eac78aea555ef44e6cc2315ffbcfc066,artist
6ec72922fd9f08458c687bf40a51c57e,artist
4d514818aed9aef257d1056047f1a2a5,sup
13b856e34b4835a15d4c3828295e8a9c,invalid
f63bccdda25c1a855cb24db68d8ddea5,invalid
acbe2946bcc0e66afd456c0e2c8a5009,artist
166688f0a5776cb7b025aaf903cde975,artist
fae3f9253a8f10c85e129d1597f1228e,artist
b72ec4755d918d6c86de6c3a0ad54bbb,invalid
cc6af4e4f69ef15f760b0e2bf816fb45,prod
03814629cc1cc8b66a41a11b544be789,artist
cef775c9ede94ee286ccb67032a4a37b,artist
2f728f394f519e59fca9a672c505a743,prod
54320c2150a164a0d8a63ad7a57dddfd,artist
46031e636d272a846970350584b8fa4e,artist
2dc336b5a5bb4c004379de5dba6e2bc3,invalid
64960954b8b988f25e5d25a114a6c633,artist
637b2b49fa23e13e937d05e7728015c2,invalid
18c8bd3fef844517590c0030e33e9122,prod
e95699d4326ebaae9f90b2d4ff249576,artist
e9390799903fc22266b560fd9ff4dcaa,artist
1e633c27350197469e6da7a23b452c5e,artist
321d5019fdc0d387398a778b12e73a22,invalid
f7c67cf55cc7a132deaf2260f82c46ce,artist
39ccc5865fee22560be4ac9c232a35e5,artist
68035d01ab815fe67e38cb5c1aa941c6,artist
fc4a390fae074f5b6c6ae886c18ff90a,artist
4b18a938db09f239ff72314f3e933e44,invalid
a74f0ec84a6f64b8af2af9dd6954003a,artist
3fdad41194e6a84db3ae685fa97aa273,artist
c992fcb1a8ecfadc69d2489ced211ed9,invalid
7104566106df5e64874229d481b3a3bd,invalid
23f14e712bcb10ecf43375323ddb969f,invalid
30800dfe30b349499122e597d01f15e9,invalid
fe6b4510aec3f25ebf7b31f43820e921,artist
eb28f1516f66349e3894622440f426f5,invalid
d43d33934a768595b5c1645f0421d55e,prod
16ffc741a7061ffa8b727913d65ed5db,artist
fd53eca0fb4603c4140c30716ceb493c,invalid
0655a8b08e57d08b984f61fd4dae10e5,prod
6337bc18beacf09188092f63fa65535c,artist
c2afa70f314406b689d37f5b51005003,artist
8eca87286005a756d1a5d735a9a93237,invalid
c22e44901c177fc1c37e6827feeab9eb,prod
4ebf4271315d527a09b76b4d8d8333ab,artist
a9c9e75f1abf382b39c599e985daac8f,artist
d9546018c9cb4b8d0191ef95134619ee,td
ac450ef11211448be5bc5e86f59dd0f6,invalid
1428fcf6644953da0327dd32828aca15,invalid
d235326a48777a197215a1be43435da9,artist
0056ae30bf53f5b1d39ac1fdc74aef0a,admin
129bb978fba6039d363843404c3494a2,invalid
0ba68811cf40f6b499d22b6f75a83839,invalid
fa3b731325ef8990b2001a5c52b4ad7b,artist
de850b3f7f7bebd1e7eaa6b964f994f3,invalid
c35bb53faf4dadd0f93e9ece9a992835,artist
69eaa285629d00ff3b813f3d1585d7fc,artist
735743133daeddf6d813d276b8bfa93b,invalid
a9c752099610e5082ede009dd9cd5053,admin
51a35cf5c4da5c4e79d7c1d047c418be,artist
5b7b5469859a6fb0a46fccbdc8a1932b,artist
09e298d1bfd6b3ec84698089b42a9d4e,sup
0b7388f7d3e560f37e0f4af3073410b0,artist
2606ee60bf1453fe270da85b76dda50b,td
b351a4b22cb47d12fc92780de2c422a0,sup
8511563f9f6a9614ef00aab1cb3db088,td
9804122f28b262a3f45c014de5494566,td
464c83f85a42f4e6d82c7e717ceac0ff,td
35c8e97d974c0b741747955be7ee478e,artist
3d0d078119c2c36a6957ad4e0d3c5322,artist
5a7252a1527010e38af6fbc322cbbcbd,sup
024e90212bb5f94e9af5dd06217c9c9d,sup
867fc6cc41c44a5000f46d1e32f5a1f4,invalid
c01f13c56eeac7cc1e20b844b71ee4b6,sup
213cc1be2594f580d65ac9b87e20669a,invalid
45456f96621002d8f0abcb2fe82052ec,artist
faf3e6359af8183d3ca222248fa97951,invalid
17013dcc75f127f9a4f2ee1196630457,pmo
fd78ef7bb2fcc4dea9ac3fecd7bf863b,artist
102ea00cdaa7e4d84775cf427ffd36a8,td
17a56ef1f24263d518a0d5ffa01d4f5e,artist
45865e959f807c01bccbedf5221167df,invalid
6ed37de8bd2b63c229c291cda83d0463,artist
d4895945ad192b59a83fd3edd3fe76f2,invalid
979c204ff748f217553f48170593eda7,admin
f28a1095062379a275de602b951bff6d,prod
e5d1779e3767268d9a70f71f8a776749,invalid
3d178dc5b90cee4221e2c28415ccd92c,artist
10f2038676bf641b49fcdc2fbf3c9be1,developer
2ffda61e3ba3aea7921e1963248b622e,invalid
8f0dfc74349a0b4ab59ba90b33ab8776,artist
993636c0b1dad723cc71705dadc86ca9,td
1ed0e2a76a823cfc65ab0ee2b93a3dcd,artist
20129f229fb74277c3dbcef67ee6fe2a,invalid
f58556b2442a4d864c2285ff733fd718,artist
e807d806bfcc412d575d5fcb66421711,artist
723937f268b29815c750e902b68d7f07,artist
b85eab60f5fdc794a022b377b680b4ac,artist
cab19c5c00379ebbbca081ea629a6759,invalid
5f2e5c866cd47d5642bf75aaee80e942,sup
b08b87601c553d51cb0f2dee96d0c156,invalid
6bc76fdf57130e94b527dafe4867a9be,admin
e8239e6d16df91aacf727ea278516cfb,artist
8e18ce5249db6185e1325e462c59f5b0,invalid
9bd73386dc2e7111dba2e7c6ea254988,artist
51d044affd8321e63c9580aecaca9307,prod
73432c59549250298acaa315a8d4e1b1,artist
fd1a52b6c6db72f444e9f98bb889e89c,td
2abcd2515e6514dbe3441738fe3c6f41,td
0529fb30335829fd2f0e6180c08a5a9e,artist
deeaedfe8814794617b8112940ccba2b,artist
d717ec4715aca1453cee254055049257,artist
5d5138614a17ea509f8ad1b9758d7c03,invalid
381671dfa4c226646e65d376df9e872e,artist
a4156a8999d98f28b5029bea24e22751,artist
d9d501eb23896d6e3a3d139671c2875b,prod
dee2335e88a5b49dcd080d398ad6b841,td
2eefe4aeb9fcfc0cbada99d2c91a50e0,invalid
91a514e827366623e2056472054b0fbe,invalid
7f107abaff0586086a68f4d1cbc9b712,artist
694a5cc59f062acdf09921e514f1ebeb,artist
c2d431e66edc2d645aec6d98b595adda,invalid
c800f4518aa369d9996fd42819b51b92,artist
2a579f3db9331f2fdb7f1d626671d1dc,artist
6d861e382db2657631681ee877e1c3df,artist
ef07c925536963b5e2104eebe9cb006a,artist
7ede2f3a6aa9a75f39226794243b2eec,invalid
ab452fe0a31e1e5c108451669d9dcd5d,prod
e94ea98ff9001ff92bd49b71150fee75,artist
7608728e2af197c7929b723ebe141126,invalid
5f39dd55162226538bea586d133f68b6,artist
96a716f3e9acbfbf09004bb5f8880518,invalid
c3e752fe16520a859bc53d5c80811784,invalid
f703e50507f34a765761c2b796593421,invalid
b23345d23bda09ff1d6bb7fbcd380354,artist
5a1554d6632beeae263373611cba59ca,prod
65e0f35e65a24ddc7992f092e51323d1,admin
38919c9107242111e5992b2f32b4947f,invalid
b332c467c5503d965704fc5848366974,td
60c0abd40f93fe470c57d072ce99af44,sup
88700f2427a5d09c5feeac837797d247,artist
b5dcafe0d9ba7dd9050a95d4cfe3247f,prod
70b4efe0a986687165ca252041bab1b8,prod
e81e1582ed74d3a4d6977b0cddf3cbb5,artist
6999597cf238078e83919bc3c10574c8,developer
6fe53ea5c1b5407e67588e6a4150f420,artist
08ac3bfd9f56e4bf162005dd528be964,artist
044cd31c58fbb841f7e2f5247f5df881,artist
28533e5a4d2a0dcc45ba308299b9b839,sup
bf8b64c94f4763cefd4c176c4a740aba,prod
098f6bcd4621d373cade4e832627b4f6,invalid
507f3ef18f53d8c827ce5fa29c9b38a6,artist
21c9d3079dec3fb3401bb780024ab62d,admin
c1e3192c1eedec746cc16d1c3a09c905,artist
ee23d3e0e7562f9e85b5e45ae2764c77,artist
59dead839bf99ba9bc2967b7eb8993cc,invalid
b756c6fe5bc2b80ef0e63521e2103e5b,td
79c9c6d56168b95103ba3d819ba8bab1,prod
36fc2d4ebda6c185b8fa4866edc84879,artist
40a795ac0dd42d92872a80a43eecd6ad,developer
769d0dcdb028e13e42a54cbe315b7a7c,td
4fab6c2ed1883b4605525758ce3a00f4,artist
cffb9bbb2c1ad6483208410c4918f7d5,artist
965840c46db646c5b074eddec2e88c95,invalid
541d671fa3fe4b89c979f3c2bb5f661d,invalid
3b369c5ae5687cb13326a90a8df470e2,artist
7d00db89380ddf336fcd042623e7595d,artist
de537ae561b668ad669532f0dd0d5157,sup
484ea5618aaf3e9c851c28c6dbca6a1f,artist
dd05c1c212d1f46be8012ab512d68d87,artist
5af8170528842c510d70eff31a44e24a,invalid
0866ac3fdfb5a999c38e59d6be1026fa,artist
77ce952ec1965fd9940034dfa9f21933,artist
20511dc3a7b0a72e424d673039aa2bc1,artist
107afcbbf91d2d8b1d9b94a9e3db7c43,td
77ed36f4b18679ce54d4cebda306117e,artist
f8a75b84b5a05948f22643afb320a308,artist
83c4c787d46284e68210772dde9fb56d,invalid
fc4bb9f58dc17b97d454b6cb2a51191e,developer
1166383394b6176fd4b38c88a383d6f1,artist
f86a19748012dca4dcfee784312384cc,invalid
84ed5d58ca966cea53844fafe5d7a6c5,sup
8cde8eab154c8af81f848d44259ddaf2,artist
f689a8c7a6c83057b4b10a0ff8397d2d,artist
5c476f6fa924ab51587740fdd6864376,invalid
5292ba5af8374e9b6bdd926159ab9aab,td
1a59166bada206c01e2dde200d1bc6d7,prod
3fef42fb4b252ec6a60c3794c2e37060,artist
f7c72cc519a708c2983772b6a7396185,artist
9a28f23d4aebbc0d40ffbac4b095f616,artist
7c2c3f00b890473cee92e27ce12e281b,invalid
f878a0cfaee393e5d00e0f528de5a482,sup
374385ce99c580b601b3ecf595773c68,invalid
645a91a63ec4acaee8bf109357079afb,artist
d69fb03ae16e39b3e7cdb1bc25197ee6,artist
07c496dfeb287bd74f5492265b641f4a,prod
4cd871d4b0668d2970fafb199f260afb,artist
b81a2c6fcadf39887b40fc0897f60d83,it
69a38bbe98129c7fe2b5696ec513f77b,invalid
bfb99c7a1baea68729f097e5dba5a09a,artist
9a5a00d24a5e876220062be7d659d0a5,invalid
3da2624a5168b4ef1e2e585156f859d5,artist
5f5c6a4f07cb1a90215a811d34e4d001,artist
4b911becf929ef1bbdc5b4c9d365901a,artist
126f9bda40c5807790d13ad2dcef33d9,artist
cbd2a7579bbece10d0840ca1f6393730,td
7b081dabfbf0a9d8353502aa2a6dca8c,artist
e254d471e05393edc568c13e152dd245,prod
f17f0afa0f2b37818733216f74e878bf,artist
76be0067f0ffdf7fa2df371f25d60a18,artist
2461e2f11dd0376f38bce8f41a795858,artist
180a7fa80ec4d40ab86d56e974a90d72,artist
739743c320b3f576a1e70ae1c3ba9264,artist
3c578d6686730267580bd2f16e405535,artist
688fa1afb9e4dda1068665e306fc7b5a,prod
10ed7d777acc4dafaa27eb66d6d7d04c,prod
f00ea7b586e81ad89d06b6bd50523cc3,artist
71c0803f938812aef22d11b6be1c21cd,prod
29cae87dfe8dcf3e0d498108d45b571c,artist
edc37cb1d41060fff4c58d6eaf2131e1,artist
03a7b3e21a5a6485170c9fe20abb68cf,artist
14c4b06b824ec593239362517f538b29,invalid
a01a36c9745ffeee2df34b5949a72d74,artist
b59c35e496f616fdb2b07715f0cfe9d7,developer
860a0ea3ef253e1010e029b7ba1fc91f,sup
746cbfeb983644e12cca20c555f833ee,artist
2e0c9351d6023abd1bbf586301c0ba23,invalid
e4d2473d59a04854ea12f4a0856927c2,prod
3fb1b8e77f6341502c8abbcc82485c3a,invalid
d74a61dd8db824d0cf1e75083e06a99b,artist
8b81d0a3ad76bb71f0339ccba4789b1f,artist
57d413bca681029a844e59a46adcbd5d,sup
3c3a2025a1f5c60c579985b607beb84b,artist
cdfb1e3e559f220bce87bfb83739545b,td
eb6a012d8f65b995c7c62cb7526b4c7e,artist
2adf5d9c90c4441ab1b36cf95274f3b7,prod
b00e05b396dacbecc8d519d9ad8f3df2,artist
710dd02d6a93bdd472160b3866e04038,invalid
eefc0b7fbdfc28a73ae0b75f931b555e,prod
99f5773c683fc91019a2daa23176ddc5,artist
8e3b2484e1faac4014461fea5a8decf3,artist
c64169715c137e16b0e1021ddc146f66,invalid
cf3512f5198c932bddd93c40602827e7,artist
1108027adcf4ae6a5879735f328e6d09,developer
2c7d7d1eb4b8549581fc56f68e54fdcd,invalid
4d7b1cae0813a7a4d51fe4839455a4c2,invalid
b99bee3a3bec8df4a289de59ba374557,artist
0b06050909873b72cb2ba20bd32d0d5b,artist
4f3e690a2c08de31a124dfcba74b2028,prod
cac2bfb084bfb020b171e9cfc077ce2c,sup
80f3ad0017b34eea7cf6d763c73ec750,artist
fcfcd72babe25a411f6ed1a67d81cb0f,artist
c2e6a0ee432258d7674d711975096b8d,sup
4f842705c16df9c2d1e065deeabc6df7,artist
ab8993e87d230b8dfab305d94d8ae815,prod
f32914d99689b55d286f752fac291941,artist
6689be6bec451fefb8c204a1a2f3c302,td
9214fd96d23fbda7985d795fd55e07a9,artist
c9ecfbff28db89f9cbaae2c7566ee39d,invalid
84e5120453ba2b4290d91a7b15c3bd65,prod
18218139eec55d83cf82679934e5cd75,prod
4f6ebef55d8131e7c16b21605e1612f9,artist
d74e83d59e990f140cec8a89e7490107,artist
c0eccc7e349685f982642612f601300c,invalid
44e7cdc8f1386a1820b02f504f38317d,developer
1d4903a4f3fd887ffcdd614de622dc3f,artist
c1fa1d360e992ff0b18d59dff21398bb,artist
fc9ed5f8a39402fae2716c1509d05f27,artist
a62090f0a403910bc8890132c21d90c7,artist
493f3d6dd48c5529587fda7a649e4353,invalid
0f5366b3b19afc3184d23bc73d8cd311,artist
03ffc7d61ca21e540c01fcca593c2907,sup
90f15e0cc9447cf1bf3a0f4896f45426,td
543142b1680e41b70e8b6116d19c9f10,invalid
75f628d189fa41c815fd4f9f5f49a365,artist
504d0c5125e354e8bba18cf056bd2241,artist
419627da97691b677a93329d712424da,artist
4a260524f0c5935c253a30001b30364b,invalid
6890b0e603155f043892a7cc99565e78,artist
acf1088f49b14639c026d4f3607072e0,artist
d2bcabafa29c4012ee934a2357181c7d,artist
5dbb43c3cf975ff40cc0bc79bc07a8ec,invalid
2827eac9487c6597926897b91c8d24de,artist
316f24714f51bcb4e92bc5bb02cef86c,artist
0aebd5cd86241a538064159b66e78338,invalid
4f0bda509c1dcb1e5dda2f9453ec7288,invalid
31fa88c0d45c12f0923002fec6c62020,artist
092e17ebf4b47b952f62021c821b4e71,invalid
cd7841ad36584407db7dfbae38f6e5a1,prod
f29b554f9ef21704a2a990e46a07fd1e,invalid
637b1863ae1b788d1485f73bba9266c1,it
53890956b5c3bc1edc71f4f99c8c7bba,prod
913d5fd1fa4bb1eb616a522e1c998dd0,artist
b4e2e1bf60be20c36219dbad8a855b0c,td
0df06b9ab87f65beb6609eee1fd4541d,developer
3a3a2c7e27cec8ae8027b09ab0d1657e,artist
b1f0507ce0e1415f2151c022047ce443,prod
